{"id": "elastic_ad", "name": "Elastic Ad", "category": "advertising", "website_url": null, "ghostery_id": "2250", "company_id": "elastic_ad", "company_name": "Elastic Ad", "iab_vendor": null, "truste_type": null, "description": null, "truste_privacy_url": null, "privacy_url": null, "date_range": ["2017-05", "2019-02"], "overview": {"reach": 0.0026397263143801792, "site_reach_top10k": 92, "site_avg_frequency": 0.4696043962846897, "cookies": 0.0004113101141157061, "bad_qs": 1.4624359613002883e-05, "tracked": 0.0004122241365915188, "https": 0.7882932001297912, "requests": 1.4812837140998631, "requests_tracking": 0.0010310173527167032, "content_length": 2810.3194066775436, "requests_failed": 1.3678544388739853, "has_blocking": 0.0, "script": 0.9989369918606299, "iframe": 0.0022890169535935557, "beacon": 0.0, "image": 0.000239169214504318, "stylesheet": 6.672364073432565e-05, "font": 4.570112379063401e-06, "xhr": 0.0002540982482759251, "plugin": 0.0, "media": 0.0, "referer_leaked": 0.04603047655608518, "referer_leaked_header": 0.04603047655608518, "referer_leaked_url": 0.0, "hosts": 1.0, "reach_rank": 245, "site_reach_rank": 366}, "reach_time_series": {"page": [0.0013834047324376526, 0.0014313406757544482, 0.001548144822118461, 0.0014430246063614409, 0.0012576796668797624, 0.0011175530069762254, 0.0013942787943219718, 0.0017924372847422476, 0.001903874967729404, 0.002874083121550171, 0.002578447151623979, 0.002387086652365986, 0.0031136501951388685, 0.002575724066870915, 0.0022948506784574397, 0.0021079548851867837, 0.002157629091527021, 0.002230336080480519, 0.0021239790259012553, 0.0021477473955188267, 0.002618170442195365, 0.0026397263143801792], "ts": ["2017-05", "2017-06", "2017-07", "2017-08", "2017-09", "2017-10", "2017-11", "2017-12", "2018-01", "2018-02", "2018-03", "2018-04", "2018-05", "2018-06", "2018-07", "2018-08", "2018-09", "2018-10", "2018-11", "2018-12", "2019-01", "2019-02"], "site": [73, 80, 83, 75, 90, 92]}, "presence_by_category": [["News and Portals", 59.45945945945946], ["Entertainment", 24.324324324324323], ["Business", 8.108108108108109], ["Reference", 5.405405405405405], ["E-Commerce", 2.7027027027027026]], "tracking_method": {"cookies": false, "fingerprinting": false}}