{"id": "stickyads", "name": "StickyAds", "category": "advertising", "website_url": null, "ghostery_id": "2348", "company_id": "comcast", "company_name": "Comcast", "iab_vendor": null, "truste_type": null, "description": null, "truste_privacy_url": null, "privacy_url": null, "date_range": ["2017-05", "2019-02"], "overview": {"reach": 0.0033355850314058344, "site_reach_top10k": 563, "site_avg_frequency": 0.09312215413085731, "cookies": 0.34244897122665563, "bad_qs": 0.0674241666194485, "tracked": 0.34666822587081353, "https": 0.8954551208403306, "requests": 7.140008897108198, "requests_tracking": 3.383672480328108, "content_length": 26068.559032554014, "requests_failed": 3.4788426043692278, "has_blocking": 0.0, "script": 0.09300033876523087, "iframe": 2.652254476583607e-06, "beacon": 0.0, "image": 0.8388285233090974, "stylesheet": 0.0, "font": 0.0, "xhr": 0.2921082168049255, "plugin": 0.004820110840125717, "media": 0.0005895238359315381, "referer_leaked": 0.1946694507301536, "referer_leaked_header": 0.18301351564769863, "referer_leaked_url": 0.0, "hosts": 1.0, "reach_rank": 211, "site_reach_rank": 87}, "reach_time_series": {"page": [0.006619310619750025, 0.006825947140044204, 0.006848414081490492, 0.006400268285254507, 0.006271339572497959, 0.006191114126075039, 0.006489653369045594, 0.005408190927473713, 0.003607781259910787, 0.00404537829445926, 0.003711296962605275, 0.003399115162030485, 0.00447224289308692, 0.0035673728293170548, 0.003024298429999015, 0.002439831143982634, 0.0024918835389800553, 0.002623561268401812, 0.0025050012980699873, 0.002459317268594951, 0.0032357545640614217, 0.0033355850314058344], "ts": ["2017-05", "2017-06", "2017-07", "2017-08", "2017-09", "2017-10", "2017-11", "2017-12", "2018-01", "2018-02", "2018-03", "2018-04", "2018-05", "2018-06", "2018-07", "2018-08", "2018-09", "2018-10", "2018-11", "2018-12", "2019-01", "2019-02"], "site": [257, 311, 338, 317, 483, 563]}, "presence_by_category": [["News and Portals", 46.40522875816993], ["Business", 15.686274509803921], ["Entertainment", 15.686274509803921], ["E-Commerce", 11.764705882352942], ["Recreation", 5.228758169934641], ["Reference", 5.228758169934641]], "tracking_method": {"cookies": true, "fingerprinting": false}}