{"id": "adskeeper", "name": "AdsKeeper", "category": "advertising", "website_url": null, "ghostery_id": "2632", "company_id": "adskeeper", "company_name": "Adskeeper", "iab_vendor": null, "truste_type": null, "description": null, "truste_privacy_url": null, "privacy_url": null, "date_range": ["2017-09", "2019-02"], "overview": {"reach": 0.000824716676436961, "site_reach_top10k": 55, "site_avg_frequency": 0.4028789026172897, "cookies": 0.07221387892026837, "bad_qs": 0.020647721953502885, "tracked": 0.07473084724606023, "https": 0.5449387579965673, "requests": 2.3074163286004055, "requests_tracking": 0.81355320642846, "content_length": 8963.100392026838, "requests_failed": 1.486029411764706, "has_blocking": 0.0, "script": 0.9129154314245592, "iframe": 0.06559818224371977, "beacon": 0.0, "image": 0.08528046497113434, "stylesheet": 2.925573412388828e-06, "font": 0.0025306210017163365, "xhr": 0.0017982524574816664, "plugin": 0.0, "media": 0.0, "referer_leaked": 0.08109689499141831, "referer_leaked_header": 0.07432029177718832, "referer_leaked_url": 0.0, "hosts": 1.0, "reach_rank": 608, "site_reach_rank": 505}, "reach_time_series": {"page": [0.0008813584820947154, 0.0008213829644920665, 0.0007480227862184075, 0.0008830065739332203, 0.0009241413987477351, 0.0009107273968746219, 0.001106250945603446, 0.0011661961961561087, 0.0015565039744375453, 0.0011566652662132967, 0.0009159612537762555, 0.0010339136531688044, 0.0011523655359436669, 0.001111842729528771, 0.0009612397395006692, 0.0010232571783350844, 0.0008151006951720736, 0.000824716676436961], "ts": ["2017-09", "2017-10", "2017-11", "2017-12", "2018-01", "2018-02", "2018-03", "2018-04", "2018-05", "2018-06", "2018-07", "2018-08", "2018-09", "2018-10", "2018-11", "2018-12", "2019-01", "2019-02"], "site": [71, 80, 63, 56, 50, 55]}, "presence_by_category": [["Entertainment", 75.0], ["Adult", 12.5], ["Business", 6.25], ["News and Portals", 6.25]], "tracking_method": {"cookies": false, "fingerprinting": false}}