{"id": "seznam", "name": "Seznam", "category": "site_analytics", "website_url": null, "ghostery_id": "2707", "company_id": "seznam", "company_name": "Seznam", "iab_vendor": null, "truste_type": null, "description": null, "truste_privacy_url": null, "privacy_url": null, "date_range": ["2018-02", "2019-02"], "overview": {"reach": 0.0017813571376583146, "site_reach_top10k": 58, "site_avg_frequency": 0.4692684540583127, "cookies": 0.5653551924410541, "bad_qs": 0.08980627672792418, "tracked": 0.566538083680074, "https": 0.9559386558021267, "requests": 18.77122386803629, "requests_tracking": 10.930836981333796, "content_length": 1773806.8564818827, "requests_failed": 6.163921185130605, "has_blocking": 0.0, "script": 0.9186726154357374, "iframe": 0.17100363355293574, "beacon": 0.0, "image": 0.5311642178109107, "stylesheet": 0.02389033966134998, "font": 4.063366851595007e-06, "xhr": 0.2286655180883033, "plugin": 6.998020688858068e-05, "media": 0.006468880027739251, "referer_leaked": 0.5864418089748035, "referer_leaked_header": 0.5446293125866851, "referer_leaked_url": 0.0, "hosts": 1.3148409507917245, "reach_rank": 351, "site_reach_rank": 488}, "reach_time_series": {"page": [0.0014466266371583327, 0.0013628541966242704, 0.0012951100042116574, 0.0021268750883525287, 0.0021276285938649775, 0.001809184858454021, 0.0013683386711384258, 0.0014718174657719501, 0.0014926377383057265, 0.0015116258445900595, 0.0014081532733415932, 0.0016303120804043447, 0.0017813571376583146], "ts": ["2018-02", "2018-03", "2018-04", "2018-05", "2018-06", "2018-07", "2018-08", "2018-09", "2018-10", "2018-11", "2018-12", "2019-01", "2019-02"], "site": [43, 48, 45, 42, 52, 58]}, "presence_by_category": [["News and Portals", 42.857142857142854], ["Entertainment", 35.714285714285715], ["E-Commerce", 21.428571428571427]], "tracking_method": {"cookies": true, "fingerprinting": false}}