{"id": "vimeo", "name": "Vimeo", "category": "audio_video_player", "website_url": null, "ghostery_id": "2727", "company_id": "iac_apps", "company_name": "IAC (InterActiveCorp)", "iab_vendor": null, "truste_type": null, "description": null, "truste_privacy_url": null, "privacy_url": null, "date_range": ["2017-05", "2019-02"], "overview": {"reach": 0.0031706867344764938, "site_reach_top10k": 300, "site_avg_frequency": 0.10297361232446378, "cookies": 0.44497350967676147, "bad_qs": 0.0031049748337490294, "tracked": 0.44586079028851333, "https": 0.9487175649854416, "requests": 38.09070326246841, "requests_tracking": 3.0948598855057967, "content_length": 20782880.498415045, "requests_failed": 7.681128647318133, "has_blocking": 0.0, "script": 0.8841114625342084, "iframe": 0.5458031348045078, "beacon": 0.001357300901510584, "image": 0.6412362776523742, "stylesheet": 0.6241118633070404, "font": 0.002430509668898227, "xhr": 0.43879983248710236, "plugin": 0.00040939705756645153, "media": 0.08144312716445866, "referer_leaked": 0.8998045091002067, "referer_leaked_header": 0.8948488769355996, "referer_leaked_url": 0.0, "hosts": 1.5512589720481242, "reach_rank": 222, "site_reach_rank": 143}, "reach_time_series": {"page": [0.001862298563594272, 0.0020639333738524247, 0.0020248971469589727, 0.0019046979397827496, 0.0017898150931419826, 0.0017913748880224992, 0.001834497025032958, 0.001917417342537792, 0.0019437913171994803, 0.0021190391942655907, 0.002359060261259293, 0.002503144846659969, 0.003019178188237693, 0.002516931453018245, 0.002730156816383462, 0.0023387392782854895, 0.0029420709906358435, 0.0029920762814312604, 0.0029336155368804126, 0.002740444467318422, 0.0029870967231650338, 0.0031706867344764938], "ts": ["2017-05", "2017-06", "2017-07", "2017-08", "2017-09", "2017-10", "2017-11", "2017-12", "2018-01", "2018-02", "2018-03", "2018-04", "2018-05", "2018-06", "2018-07", "2018-08", "2018-09", "2018-10", "2018-11", "2018-12", "2019-01", "2019-02"], "site": [240, 305, 306, 285, 309, 300]}, "presence_by_category": [["Business", 45.45454545454545], ["Entertainment", 21.818181818181817], ["News and Portals", 18.181818181818183], ["Reference", 7.2727272727272725], ["E-Commerce", 5.454545454545454], ["Adult", 1.8181818181818181]], "tracking_method": {"cookies": true, "fingerprinting": false}}