{"id": "traffic_stars", "name": "Traffic Stars", "category": "pornvertising", "website_url": null, "ghostery_id": "2817", "company_id": "traffic_stars", "company_name": "Traffic Stars", "iab_vendor": null, "truste_type": null, "description": null, "truste_privacy_url": null, "privacy_url": "", "date_range": ["2017-05", "2019-02"], "overview": {"reach": 0.0056115944342633, "site_reach_top10k": 105, "site_avg_frequency": 0.26925460602120654, "cookies": 0.08005466243011335, "bad_qs": 0.00027460203486413934, "tracked": 0.0801157169535226, "https": 0.9537474721850784, "requests": 4.911290930536865, "requests_tracking": 0.8322680322241761, "content_length": 33335.98913673777, "requests_failed": 4.064708335662291, "has_blocking": 0.0, "script": 0.846620001519197, "iframe": 0.15309565065346972, "beacon": 0.0, "image": 0.20604898407279534, "stylesheet": 0.031866878207691435, "font": 1.0032433424055196e-06, "xhr": 0.21984028365988903, "plugin": 1.3042163451271753e-05, "media": 0.004036764568884838, "referer_leaked": 0.0555051545209728, "referer_leaked_header": 0.05545728548149231, "referer_leaked_url": 0.0, "hosts": 1.0233380199129471, "reach_rank": 129, "site_reach_rank": 324}, "reach_time_series": {"page": [0.012121216514852063, 0.009761446046744662, 0.010994897092516442, 0.012651257596978481, 0.010408260737282628, 0.011722912504307022, 0.015892288343942806, 0.016773217289114194, 0.01230647093384399, 0.008964641529870617, 0.007113807283585223, 0.007526356456201516, 0.009810752383758814, 0.008494008619812088, 0.008878611471496371, 0.006614728089665979, 0.005319635156751391, 0.005307255968894555, 0.005582640022440389, 0.006487101063916664, 0.00568000263422665, 0.0056115944342633], "ts": ["2017-05", "2017-06", "2017-07", "2017-08", "2017-09", "2017-10", "2017-11", "2017-12", "2018-01", "2018-02", "2018-03", "2018-04", "2018-05", "2018-06", "2018-07", "2018-08", "2018-09", "2018-10", "2018-11", "2018-12", "2019-01", "2019-02"], "site": [72, 87, 111, 127, 115, 105]}, "presence_by_category": [["Adult", 91.48936170212765], ["Business", 4.25531914893617], ["Entertainment", 2.127659574468085], ["News and Portals", 2.127659574468085]], "tracking_method": {"cookies": false, "fingerprinting": false}}