{"id": "adspyglass", "name": "AdSpyglass", "category": "advertising", "website_url": null, "ghostery_id": "2835", "company_id": "adspyglass", "company_name": "AdSpyglass", "iab_vendor": null, "truste_type": null, "description": null, "truste_privacy_url": null, "privacy_url": null, "date_range": ["2017-05", "2019-02"], "overview": {"reach": 0.0006311643327100544, "site_reach_top10k": 32, "site_avg_frequency": 0.49208277101943243, "cookies": 0.058188282066311575, "bad_qs": 0.0, "tracked": 0.058188282066311575, "https": 0.7169729096052397, "requests": 5.198986977242029, "requests_tracking": 0.2606424730497719, "content_length": 137.4867644435383, "requests_failed": 4.912179209459976, "has_blocking": 0.0, "script": 0.24269731644537323, "iframe": 0.8251114962154998, "beacon": 0.0, "image": 0.05636484110196488, "stylesheet": 2.5484849257116645e-06, "font": 0.0009149060883304875, "xhr": 0.04414740436810316, "plugin": 7.772879023420576e-05, "media": 0.0, "referer_leaked": 0.0499452075740972, "referer_leaked_header": 0.04930044088789215, "referer_leaked_url": 0.0, "hosts": 1.0, "reach_rank": 684, "site_reach_rank": 674}, "reach_time_series": {"page": [0.001058868518156359, 0.0009619045178787038, 0.0009716014683910775, 0.0009318815834161056, 0.0008698989118991182, 0.0008664163649584544, 0.0010280901111311342, 0.0010102650134728732, 0.0007461335127955116, 0.0005037651410824548, 0.000342601655144029, 0.00036365702216925236, 0.00044306930532101997, 0.0003955043843204969, 0.0004541926381957226, 0.00036161089100360304, 0.0003477990126082615, 0.0003758064169455691, 0.00046566927420880783, 0.0006272237460984602, 0.0005810785400129139, 0.0006311643327100544], "ts": ["2017-05", "2017-06", "2017-07", "2017-08", "2017-09", "2017-10", "2017-11", "2017-12", "2018-01", "2018-02", "2018-03", "2018-04", "2018-05", "2018-06", "2018-07", "2018-08", "2018-09", "2018-10", "2018-11", "2018-12", "2019-01", "2019-02"], "site": [20, 19, 32, 20, 23, 32]}, "presence_by_category": [["Adult", 75.0], ["Business", 8.333333333333334], ["Entertainment", 8.333333333333334], ["News and Portals", 8.333333333333334]], "tracking_method": {"cookies": false, "fingerprinting": false}}