{"id": "travel_audience", "name": "Travel Audience", "category": "site_analytics", "website_url": null, "ghostery_id": "2944", "company_id": null, "company_name": null, "iab_vendor": 423, "truste_type": null, "description": null, "truste_privacy_url": null, "privacy_url": null, "date_range": ["2018-05", "2019-02"], "overview": {"reach": 0.000197652442822393, "site_reach_top10k": 22, "site_avg_frequency": 0.2246498465160505, "cookies": 0.2838198553048121, "bad_qs": 0.028833242458027816, "tracked": 0.28390937426248586, "https": 0.9988159083325874, "requests": 4.27278460924975, "requests_tracking": 1.3394233351508393, "content_length": 77.88628244044955, "requests_failed": 2.616370575932421, "has_blocking": 0.0, "script": 0.7485249717201474, "iframe": 0.034826943578642404, "beacon": 0.0, "image": 0.32728944734250764, "stylesheet": 0.005314170850999764, "font": 0.00039876626600151367, "xhr": 0.02137468566638726, "plugin": 0.0, "media": 0.0, "referer_leaked": 0.12539164543982292, "referer_leaked_header": 0.11171152108985262, "referer_leaked_url": 0.0, "hosts": 1.0, "reach_rank": 928, "site_reach_rank": 761}, "reach_time_series": {"page": [0.00023397380728406046, 0.0001958368266090126, 0.00025794923597644644, 0.0002068319406744717, 0.0001679144247521444, 0.00017456316824931558, 0.00017686922932957122, 0.00018700942285919053, 0.00019855214031364252, 0.000197652442822393], "ts": ["2018-05", "2018-06", "2018-07", "2018-08", "2018-09", "2018-10", "2018-11", "2018-12", "2019-01", "2019-02"], "site": [20, 18, 21, 25, 26, 22]}, "presence_by_category": [["Recreation", 57.142857142857146], ["Business", 42.857142857142854]], "tracking_method": {"cookies": true, "fingerprinting": false}}