{"id": "a3cloud_net", "name": "a3cloud.net", "category": "unknown", "website_url": null, "ghostery_id": null, "company_id": null, "company_name": null, "iab_vendor": null, "truste_type": null, "description": null, "truste_privacy_url": null, "privacy_url": null, "date_range": ["2017-09", "2019-02"], "overview": {"reach": 0.0004391947655661054, "site_reach_top10k": 56, "site_avg_frequency": 0.09114356229182345, "cookies": 0.22214368380187807, "bad_qs": 0.0010071636805789542, "tracked": 0.22243850807928392, "https": 0.9626543707241324, "requests": 1.3649375192276703, "requests_tracking": 0.27024582118632895, "content_length": 791.3335561301475, "requests_failed": 0.2382656275179092, "has_blocking": 0.0, "script": 0.5316615637040184, "iframe": 0.46695404403685853, "beacon": 0.0, "image": 0.0014265100130381916, "stylesheet": 0.0, "font": 0.0, "xhr": 0.0007562883637801966, "plugin": 0.0, "media": 0.0, "referer_leaked": 0.7180289623650401, "referer_leaked_header": 0.7180252999516561, "referer_leaked_url": 0.0, "hosts": 1.0, "reach_rank": 771, "site_reach_rank": 498}, "reach_time_series": {"page": [0.001286214323150281, 0.0014269793069567982, 0.0025161937250227787, 0.0018753881999732857, 0.0002809098714868188, 0.0002028250929891744, 0.0002917247787560127, 0.0004357276158067842, 0.0005501309513259615, 0.00046133240653417016, 0.0004921275878027762, 0.00029762446578589414, 0.00030889402105600073, 0.00025129937485985856, 0.0001687257417918931, 0.0001553839676274979, 0.00033931054041904307, 0.0004391947655661054], "ts": ["2017-09", "2017-10", "2017-11", "2017-12", "2018-01", "2018-02", "2018-03", "2018-04", "2018-05", "2018-06", "2018-07", "2018-08", "2018-09", "2018-10", "2018-11", "2018-12", "2019-01", "2019-02"], "site": [14, 14, 10, 10, 34, 56]}, "presence_by_category": [["Business", 41.666666666666664], ["News and Portals", 33.333333333333336], ["Entertainment", 16.666666666666668], ["Recreation", 8.333333333333334]]}