{"id": "ad-blocker.org", "name": "ad-blocker.org", "category": "unknown", "website_url": null, "ghostery_id": null, "company_id": null, "company_name": null, "iab_vendor": null, "truste_type": null, "description": null, "truste_privacy_url": null, "privacy_url": null, "date_range": ["2018-12", "2019-02"], "overview": {"reach": 0.0011461192463137683, "site_reach_top10k": 137, "site_avg_frequency": 0.02294436721901547, "cookies": 0.044629480578807876, "bad_qs": 4.069984077941598e-05, "tracked": 0.044629480578807876, "https": 0.9999964913930363, "requests": 1.7282962836133318, "requests_tracking": 0.054180610455508406, "content_length": 331.3775969831594, "requests_failed": 0.5513551292676063, "has_blocking": 0.0, "script": 0.9977376502297787, "iframe": 0.0, "beacon": 0.0, "image": 0.0, "stylesheet": 0.0, "font": 0.0, "xhr": 0.21898479159225495, "plugin": 0.0, "media": 0.0, "referer_leaked": 0.7309151078510695, "referer_leaked_header": 0.7309151078510695, "referer_leaked_url": 0.0, "hosts": 1.0, "reach_rank": 482, "site_reach_rank": 264}, "reach_time_series": {"page": [0.0012263827647424402, 0.0011743206877519777, 0.0011461192463137683], "ts": ["2018-12", "2019-01", "2019-02"], "site": [200, 161, 137]}, "presence_by_category": [["Entertainment", 42.857142857142854], ["News and Portals", 28.571428571428573], ["Reference", 14.285714285714286], ["Business", 7.142857142857143], ["E-Commerce", 7.142857142857143]]}