{"id": "ad-delivery.net", "name": "ad-delivery.net", "category": "unknown", "website_url": null, "ghostery_id": null, "company_id": null, "company_name": null, "iab_vendor": null, "truste_type": null, "description": null, "truste_privacy_url": null, "privacy_url": null, "date_range": ["2018-07", "2019-02"], "overview": {"reach": 0.0017111479672505703, "site_reach_top10k": 72, "site_avg_frequency": 0.09288164819639587, "cookies": 6.627138838558667e-05, "bad_qs": 2.820059080237731e-06, "tracked": 6.627138838558667e-05, "https": 0.9999685093402707, "requests": 2.121530916072692, "requests_tracking": 0.00018988397806934056, "content_length": 15.678074745665922, "requests_failed": 1.818194551175847, "has_blocking": 0.0, "script": 0.9981538013221377, "iframe": 0.0, "beacon": 0.0, "image": 0.997335514179022, "stylesheet": 0.0, "font": 0.0, "xhr": 3.0080630189202464e-05, "plugin": 0.0, "media": 0.0, "referer_leaked": 0.17512143879414274, "referer_leaked_header": 0.17512143879414274, "referer_leaked_url": 0.0, "hosts": 1.0, "reach_rank": 363, "site_reach_rank": 427}, "reach_time_series": {"page": [0.0012650716199346112, 0.001647843678999556, 0.001684429740122084, 0.0018571578729794835, 0.0023310046827653866, 0.0032445382468808807, 0.003104300278460402, 0.0017111479672505703], "ts": ["2018-07", "2018-08", "2018-09", "2018-10", "2018-11", "2018-12", "2019-01", "2019-02"], "site": [38, 46, 76, 58, 65, 72]}, "presence_by_category": [["Entertainment", 55.55555555555556], ["News and Portals", 14.814814814814815], ["Reference", 14.814814814814815], ["Business", 11.11111111111111], ["E-Commerce", 3.7037037037037037]]}