{"id": "adomik", "name": "Adomik", "category": "advertising", "website_url": null, "ghostery_id": "c_m2", "company_id": null, "company_name": null, "iab_vendor": null, "truste_type": null, "description": null, "truste_privacy_url": null, "privacy_url": null, "date_range": ["2017-05", "2019-02"], "overview": {"reach": 0.0010109864785181968, "site_reach_top10k": 38, "site_avg_frequency": 0.17369145911783965, "cookies": 0.00043276095923375853, "bad_qs": 0.0, "tracked": 0.00043276095923375853, "https": 0.988751397125799, "requests": 2.1259501449828764, "requests_tracking": 0.0020675473033980487, "content_length": 16.842879133205255, "requests_failed": 1.150242035885748, "has_blocking": 0.0, "script": 0.5402097776929227, "iframe": 0.0, "beacon": 0.0, "image": 0.46180287897410194, "stylesheet": 3.977582345898516e-06, "font": 0.0, "xhr": 0.0006348221424054032, "plugin": 0.0, "media": 0.0, "referer_leaked": 0.25848000668233834, "referer_leaked_header": 0.25848000668233834, "referer_leaked_url": 0.0, "hosts": 1.0, "reach_rank": 543, "site_reach_rank": 622}, "reach_time_series": {"page": [0.0328159545761312, 0.03330690360663875, 0.034087578322347045, 0.03351633835797003, 0.030175888731295314, 0.028404511187751075, 0.030300300954914382, 0.022498268748084218, 0.02194362880735647, 0.0122817746327116, 0.007520521851546743, 0.007108104852625677, 0.00852626523064845, 0.002811161364903604, 0.0008066456331104376, 0.0010270483175979013, 0.0009511585229648299, 0.0010574763398761306, 0.001314874658844578, 0.0014283843996862064, 0.0011583616408506105, 0.0010109864785181968], "ts": ["2017-05", "2017-06", "2017-07", "2017-08", "2017-09", "2017-10", "2017-11", "2017-12", "2018-01", "2018-02", "2018-03", "2018-04", "2018-05", "2018-06", "2018-07", "2018-08", "2018-09", "2018-10", "2018-11", "2018-12", "2019-01", "2019-02"], "site": [20, 30, 33, 32, 41, 38]}, "presence_by_category": [["News and Portals", 45.45454545454545], ["E-Commerce", 27.272727272727273], ["Entertainment", 27.272727272727273]]}