{"id": "adtng.com", "name": "adtng.com", "category": "pornvertising", "website_url": null, "ghostery_id": null, "company_id": null, "company_name": null, "iab_vendor": null, "truste_type": null, "description": null, "truste_privacy_url": null, "privacy_url": null, "date_range": ["2018-12", "2019-02"], "overview": {"reach": 0.002450432508258334, "site_reach_top10k": 79, "site_avg_frequency": 0.25478866375766945, "cookies": 0.14611382978374246, "bad_qs": 0.007795971550759314, "tracked": 0.1462254211754512, "https": 0.9999484710338286, "requests": 2.8861524929188698, "requests_tracking": 0.29286110482041994, "content_length": 2.903148518296065, "requests_failed": 2.609950013620714, "has_blocking": 0.0, "script": 3.282099756139988e-07, "iframe": 0.9725734615977918, "beacon": 0.0, "image": 0.004077680737028321, "stylesheet": 6.892409487893975e-06, "font": 0.0, "xhr": 0.03179271570780122, "plugin": 0.0, "media": 0.0, "referer_leaked": 0.08293537873790136, "referer_leaked_header": 0.08293472231795013, "referer_leaked_url": 0.0, "hosts": 1.0, "reach_rank": 262, "site_reach_rank": 404}, "reach_time_series": {"page": [0.0005128996141697558, 0.002373531880373705, 0.002450432508258334], "ts": ["2018-12", "2019-01", "2019-02"], "site": [60, 82, 79]}, "presence_by_category": [["Adult", 78.78787878787878], ["Entertainment", 18.181818181818183], ["Business", 3.0303030303030303]]}