{"id": "adtrue", "name": "Adtrue", "category": "advertising", "website_url": null, "ghostery_id": "2730", "company_id": "adtrue", "company_name": "AdTrue", "iab_vendor": null, "truste_type": null, "description": null, "truste_privacy_url": null, "privacy_url": null, "date_range": ["2018-01", "2019-02"], "overview": {"reach": 0.0005109609763522064, "site_reach_top10k": 44, "site_avg_frequency": 0.34023164585435545, "cookies": 0.1646459034094576, "bad_qs": 0.001969083345269557, "tracked": 0.1646868276036838, "https": 0.7458701978999592, "requests": 8.857188728217704, "requests_tracking": 5.401925955540585, "content_length": 7412.637285718558, "requests_failed": 3.1461686297163167, "has_blocking": 0.0, "script": 0.9891440704777585, "iframe": 0.172457702484256, "beacon": 0.0, "image": 4.8794231577423064e-05, "stylesheet": 9.444044821436723e-06, "font": 0.0, "xhr": 0.05780699835201418, "plugin": 0.0, "media": 0.0, "referer_leaked": 0.17540109645360377, "referer_leaked_header": 0.13985843376812665, "referer_leaked_url": 0.0, "hosts": 1.0, "reach_rank": 734, "site_reach_rank": 578}, "reach_time_series": {"page": [0.0010714669243789728, 0.0013227927914559313, 0.0014490703531168895, 0.0013104751745022772, 0.0015901748768858252, 0.0012322689652524337, 0.0006881118715138074, 0.0006442530389600466, 0.00048362126531564976, 0.0004791501153612487, 0.000431792654998993, 0.00047844105814141163, 0.0004976723497645229, 0.0005109609763522064], "ts": ["2018-01", "2018-02", "2018-03", "2018-04", "2018-05", "2018-06", "2018-07", "2018-08", "2018-09", "2018-10", "2018-11", "2018-12", "2019-01", "2019-02"], "site": [30, 33, 30, 29, 36, 44]}, "presence_by_category": [["Entertainment", 53.84615384615385], ["News and Portals", 23.076923076923077], ["Adult", 7.6923076923076925], ["E-Commerce", 7.6923076923076925], ["Recreation", 7.6923076923076925]]}