{"id": "algovid.com", "name": "algovid.com", "category": "unknown", "website_url": null, "ghostery_id": null, "company_id": null, "company_name": null, "iab_vendor": null, "truste_type": null, "description": null, "truste_privacy_url": null, "privacy_url": null, "date_range": ["2017-06", "2019-02"], "overview": {"reach": 7.043999199275901e-05, "site_reach_top10k": 14, "site_avg_frequency": 0.048204537603971795, "cookies": 0.22866048593350383, "bad_qs": 0.0, "tracked": 0.22866048593350383, "https": 0.9294049141395688, "requests": 14.436655096821337, "requests_tracking": 6.9152356594811835, "content_length": 73056.21006119839, "requests_failed": 4.474378881987578, "has_blocking": 0.0, "script": 0.6741299780781878, "iframe": 0.000719309462915601, "beacon": 0.0, "image": 0.21711728169528682, "stylesheet": 0.0, "font": 0.0, "xhr": 0.43122031421264156, "plugin": 0.006998995250274023, "media": 0.0, "referer_leaked": 0.2603329375228352, "referer_leaked_header": 0.17245158933138474, "referer_leaked_url": 0.0, "hosts": 1.0, "reach_rank": 1054, "site_reach_rank": 883}, "reach_time_series": {"page": [0.0006844818787594928, 0.0005717986415949994, 0.00033936141360277935, 0.0003669837572182641, 0.0006258342289092565, 0.0002184873340309537, 0.000729133071673282, 0.0006780655225673937, 0.00026900914554460687, 0.0002072809611688815, 0.00024333023639594472, 0.00027463686361665186, 0.0001413958001306169, 0.00013531492398684064, 0.00017619066695579705, 0.00020190529428728372, 0.00019038498910540854, 0.00023613224390004264, 0.00020294600187598336, 0.00010595990495841499, 7.043999199275901e-05], "ts": ["2017-06", "2017-07", "2017-08", "2017-09", "2017-10", "2017-11", "2017-12", "2018-01", "2018-02", "2018-03", "2018-04", "2018-05", "2018-06", "2018-07", "2018-08", "2018-09", "2018-10", "2018-11", "2018-12", "2019-01", "2019-02"], "site": [31, 31, 28, 34, 26, 14]}, "presence_by_category": [["News and Portals", 100.0]]}