{"id": "alibaba.com", "name": "Alibaba", "category": "misc", "website_url": null, "ghostery_id": "", "company_id": "alibaba", "company_name": "Alibaba", "iab_vendor": null, "truste_type": null, "description": null, "truste_privacy_url": null, "privacy_url": null, "date_range": ["2017-05", "2019-02"], "overview": {"reach": 0.007449389460098678, "site_reach_top10k": 100, "site_avg_frequency": 0.29806161912753465, "cookies": 0.5460738490957474, "bad_qs": 0.07601655543626874, "tracked": 0.5673178906328947, "https": 0.898420786020468, "requests": 77.27541388590672, "requests_tracking": 8.45040159974849, "content_length": 2079060.0783673357, "requests_failed": 21.113770472971748, "has_blocking": 0.0, "script": 0.9006896227091389, "iframe": 0.6415294172517527, "beacon": 0.0, "image": 0.8872903687747613, "stylesheet": 0.8448221508420661, "font": 0.45875024939389725, "xhr": 0.2465591199569531, "plugin": 0.002304356425552791, "media": 0.0036027161694479302, "referer_leaked": 0.8464502287514241, "referer_leaked_header": 0.8437283804641015, "referer_leaked_url": 0.0, "hosts": 1.5972860761767722, "reach_rank": 107, "site_reach_rank": 346}, "reach_time_series": {"page": [0.001540520004499811, 0.0014495215142434153, 0.0014633939223948193, 0.0015310819667782968, 0.001604470420776155, 0.0016351277996647707, 0.0018691268262569448, 0.0024997411681968356, 0.0037973865342733623, 0.007414796798819035, 0.008775574843515292, 0.0072207153384171285, 0.007544367433354817, 0.0069028158016041525, 0.007036217337229414, 0.007307658952048701, 0.007944563514919845, 0.007892590556689777, 0.00945039448503183, 0.007615371845114299, 0.007324613410629399, 0.007449389460098678], "ts": ["2017-05", "2017-06", "2017-07", "2017-08", "2017-09", "2017-10", "2017-11", "2017-12", "2018-01", "2018-02", "2018-03", "2018-04", "2018-05", "2018-06", "2018-07", "2018-08", "2018-09", "2018-10", "2018-11", "2018-12", "2019-01", "2019-02"], "site": [103, 114, 110, 112, 93, 100]}, "presence_by_category": [["E-Commerce", 41.02564102564103], ["Entertainment", 23.076923076923077], ["Business", 15.384615384615385], ["News and Portals", 15.384615384615385], ["Adult", 2.5641025641025643], ["Recreation", 2.5641025641025643]]}