{"id": "apicit.net", "name": "apicit.net", "category": "advertising", "website_url": null, "ghostery_id": "", "company_id": null, "company_name": null, "iab_vendor": null, "truste_type": null, "description": null, "truste_privacy_url": null, "privacy_url": null, "date_range": ["2018-05", "2019-02"], "overview": {"reach": 0.00012506910754021236, "site_reach_top10k": 13, "site_avg_frequency": 0.09303002717213234, "cookies": 0.5294934698313281, "bad_qs": 0.050112855204521925, "tracked": 0.5570288536354809, "https": 0.7920956343362764, "requests": 1.9059154132558245, "requests_tracking": 0.8698596222726659, "content_length": 221.15071796487663, "requests_failed": 0.633037316168196, "has_blocking": 0.0, "script": 0.9991383135381232, "iframe": 6.430495984155258e-06, "beacon": 0.0, "image": 0.0007909510060510967, "stylesheet": 0.0, "font": 0.0, "xhr": 0.0005530226546373522, "plugin": 0.0, "media": 0.0, "referer_leaked": 0.5899337015864033, "referer_leaked_header": 0.5581992039045972, "referer_leaked_url": 0.0, "hosts": 1.0, "reach_rank": 1004, "site_reach_rank": 895}, "reach_time_series": {"page": [0.0002377681659637868, 0.0002012352581157778, 0.0001712449441363493, 0.00012399325583880544, 0.00012579524695238915, 0.00014129504279474642, 0.00015290108179851026, 0.00015446437097547, 0.00013306298114255724, 0.00012506910754021236], "ts": ["2018-05", "2018-06", "2018-07", "2018-08", "2018-09", "2018-10", "2018-11", "2018-12", "2019-01", "2019-02"], "site": [14, 18, 11, 12, 17, 13]}, "presence_by_category": []}