{"id": "ask.com", "name": "Ask.com", "category": "social_media", "website_url": null, "ghostery_id": "c_679", "company_id": null, "company_name": null, "iab_vendor": null, "truste_type": null, "description": null, "truste_privacy_url": null, "privacy_url": null, "date_range": ["2017-05", "2019-02"], "overview": {"reach": 9.087132142032625e-05, "site_reach_top10k": 10, "site_avg_frequency": 0.2194012926809481, "cookies": 0.751531136049846, "bad_qs": 0.0013452756044889723, "tracked": 0.7523276808156618, "https": 0.4049456579459766, "requests": 3.2030392608064573, "requests_tracking": 1.5364817502743655, "content_length": 435.47083761107376, "requests_failed": 0.3653750840797253, "has_blocking": 0.0, "script": 0.21104011045420754, "iframe": 0.6023471519099374, "beacon": 0.0, "image": 0.052625057528233085, "stylesheet": 0.0018320529613764294, "font": 0.0, "xhr": 0.13691719474634476, "plugin": 0.0, "media": 0.0, "referer_leaked": 0.9431090027259532, "referer_leaked_header": 0.9430736007363614, "referer_leaked_url": 0.0, "hosts": 1.0, "reach_rank": 1031, "site_reach_rank": 948}, "reach_time_series": {"page": [0.0008197769705144968, 0.0010549282381266565, 0.0009062096024639899, 0.0008704958372914009, 0.0013093456778043569, 0.0012791530983610772, 0.0013906774857924801, 0.0012661056450738956, 0.0011300708600431872, 0.0005211413576875785, 0.000286256162288691, 0.0002810849898786008, 0.00034485937142019927, 0.0002987200521595221, 0.00029028722580541014, 0.0002268556132180448, 0.00014811932653628924, 0.00012406650412167443, 0.00011481065324779163, 0.00013201630455391414, 9.968746821388872e-05, 9.087132142032625e-05], "ts": ["2017-05", "2017-06", "2017-07", "2017-08", "2017-09", "2017-10", "2017-11", "2017-12", "2018-01", "2018-02", "2018-03", "2018-04", "2018-05", "2018-06", "2018-07", "2018-08", "2018-09", "2018-10", "2018-11", "2018-12", "2019-01", "2019-02"], "site": [8, 7, 8, 10, 9, 10]}, "presence_by_category": [["News and Portals", 50.0], ["Business", 25.0], ["Reference", 25.0]]}