{"id": "belboon_gmbh", "name": "belboon GmbH", "category": "misc", "website_url": null, "ghostery_id": "c_2583", "company_id": null, "company_name": null, "iab_vendor": null, "truste_type": null, "description": null, "truste_privacy_url": null, "privacy_url": null, "date_range": ["2017-05", "2019-02"], "overview": {"reach": 0.00011901225263866108, "site_reach_top10k": 9, "site_avg_frequency": 0.13071265632109705, "cookies": 0.1414602170592926, "bad_qs": 0.005271053805295382, "tracked": 0.14164943437538013, "https": 0.9829096217005231, "requests": 1.8785495141169632, "requests_tracking": 0.4447350281798646, "content_length": 2544.09023638649, "requests_failed": 0.6771682277095243, "has_blocking": 0.0, "script": 0.8803943829488167, "iframe": 0.05194015326602603, "beacon": 0.0, "image": 0.09965670572652692, "stylesheet": 0.0, "font": 0.0, "xhr": 0.001189365986835881, "plugin": 0.001939477489897147, "media": 0.0, "referer_leaked": 0.8198921461298301, "referer_leaked_header": 0.8198853883685413, "referer_leaked_url": 0.0, "hosts": 1.0, "reach_rank": 1011, "site_reach_rank": 967}, "reach_time_series": {"page": [0.001146630183741428, 0.0011366007094734665, 0.0011646595469827934, 0.0011695625966866535, 0.0010795992519741068, 0.001261250838237349, 0.001432712626741018, 0.0014164024698472724, 0.0012789127259084203, 0.0005505584273628746, 0.0003041311510944275, 0.00031930295589816177, 0.0003901444510737038, 0.0002497082467212001, 0.00025334664347374634, 0.0001960244529292361, 0.00012219922897817843, 0.0002185068301619193, 0.00032278020340428506, 0.00037844653330221896, 0.000182417219205517, 0.00011901225263866108], "ts": ["2017-05", "2017-06", "2017-07", "2017-08", "2017-09", "2017-10", "2017-11", "2017-12", "2018-01", "2018-02", "2018-03", "2018-04", "2018-05", "2018-06", "2018-07", "2018-08", "2018-09", "2018-10", "2018-11", "2018-12", "2019-01", "2019-02"], "site": [5, 11, 18, 28, 16, 9]}, "presence_by_category": [["Business", 50.0], ["E-Commerce", 50.0]]}