{"id": "bigpoint", "name": "Bigpoint", "category": "misc", "website_url": null, "ghostery_id": "c_1959", "company_id": null, "company_name": null, "iab_vendor": null, "truste_type": null, "description": null, "truste_privacy_url": null, "privacy_url": null, "date_range": ["2018-11", "2019-02"], "overview": {"reach": 8.826472644808781e-05, "site_reach_top10k": 3, "site_avg_frequency": 0.9626881584521243, "cookies": 0.7190356000619607, "bad_qs": 0.00015490172852105296, "tracked": 0.7190356000619607, "https": 0.91736448376721, "requests": 252.86211012601711, "requests_tracking": 58.97616335754053, "content_length": 18036955.199158065, "requests_failed": 72.69302122153681, "has_blocking": 0.0, "script": 0.7627361112376648, "iframe": 0.017768139448003133, "beacon": 0.0, "image": 0.9560625802983225, "stylesheet": 0.78634495703755, "font": 0.004820177316919825, "xhr": 0.76998004501262, "plugin": 0.38818373167375875, "media": 0.0, "referer_leaked": 0.9228224917309813, "referer_leaked_header": 0.9221391017522119, "referer_leaked_url": 0.0, "hosts": 3.602503940882211, "reach_rank": 1033, "site_reach_rank": 1079}, "reach_time_series": {"page": [0.00011291082720780699, 0.00016019249826924634, 0.00010095794412704472, 8.826472644808781e-05], "ts": ["2018-11", "2018-12", "2019-01", "2019-02"], "site": [3, 4, 3, 3]}, "presence_by_category": [["Entertainment", 100.0]]}