{"id": "bodelen.com", "name": "bodelen.com", "category": "advertising", "website_url": null, "ghostery_id": null, "company_id": null, "company_name": null, "iab_vendor": null, "truste_type": null, "description": null, "truste_privacy_url": null, "privacy_url": null, "date_range": ["2018-11", "2019-02"], "overview": {"reach": 0.0011028968991992857, "site_reach_top10k": 115, "site_avg_frequency": 0.1886589096695611, "cookies": 0.04700417479445062, "bad_qs": 0.0013898966328186244, "tracked": 0.04753942355021603, "https": 0.8532711064116821, "requests": 1.6348553406377044, "requests_tracking": 0.06160173554773668, "content_length": 29.265702149381074, "requests_failed": 1.574181175140831, "has_blocking": 0.0, "script": 0.998279765919822, "iframe": 0.00021512041273950378, "beacon": 0.0, "image": 0.003711738646929065, "stylesheet": 7.292217381000128e-07, "font": 2.406431735730042e-05, "xhr": 0.00019470220407270342, "plugin": 0.0, "media": 1.604287823820028e-05, "referer_leaked": 0.04184274333217873, "referer_leaked_header": 0.041700545093249226, "referer_leaked_url": 0.0, "hosts": 1.0, "reach_rank": 505, "site_reach_rank": 299}, "reach_time_series": {"page": [0.0020901914986603625, 0.0032810744101601026, 0.0026598329509641546, 0.0011028968991992857], "ts": ["2018-11", "2018-12", "2019-01", "2019-02"], "site": [180, 194, 174, 115]}, "presence_by_category": [["Entertainment", 95.34883720930233], ["Adult", 2.3255813953488373], ["Business", 2.3255813953488373]]}