{"id": "bongacams.com", "name": "bongacams.com", "category": "pornvertising", "website_url": null, "ghostery_id": "bongacams.com", "company_id": null, "company_name": null, "iab_vendor": null, "truste_type": null, "description": null, "truste_privacy_url": null, "privacy_url": null, "date_range": ["2017-06", "2019-02"], "overview": {"reach": 0.00017350866588114087, "site_reach_top10k": 18, "site_avg_frequency": 0.17469530819078993, "cookies": 0.15952683347393598, "bad_qs": 0.009530078150349034, "tracked": 0.1670498475002086, "https": 0.7971011133875349, "requests": 2.51564861081497, "requests_tracking": 0.6687185382269234, "content_length": 509662.5941280627, "requests_failed": 1.5215956391549008, "has_blocking": 0.0, "script": 0.4862101252445095, "iframe": 0.44879437094994856, "beacon": 0.0, "image": 0.07262512862824352, "stylesheet": 0.0076342600747202624, "font": 0.001677961230752116, "xhr": 0.00456572323837247, "plugin": 0.000546959738200966, "media": 0.026852014944052507, "referer_leaked": 0.1958996560643002, "referer_leaked_header": 0.1958996560643002, "referer_leaked_url": 0.0, "hosts": 1.0, "reach_rank": 958, "site_reach_rank": 814}, "reach_time_series": {"page": [0.001129582717414254, 0.0010278688879097344, 0.0011981381539067366, 0.0005948202546825812, 0.0005405901807037472, 0.0005992481994172845, 0.0007531388145190297, 0.000685396243284848, 0.0008534607745582371, 0.0008366624868318389, 0.0008578168472991318, 0.0010025195455289156, 0.001035618781805187, 0.001064063676144982, 0.0007258694961541457, 0.0005016719679032878, 0.00032523215806289893, 0.00024325960141379998, 0.00026067623614217775, 0.0001979765520006154, 0.00017350866588114087], "ts": ["2017-06", "2017-07", "2017-08", "2017-09", "2017-10", "2017-11", "2017-12", "2018-01", "2018-02", "2018-03", "2018-04", "2018-05", "2018-06", "2018-07", "2018-08", "2018-09", "2018-10", "2018-11", "2018-12", "2019-01", "2019-02"], "site": [26, 25, 22, 25, 19, 18]}, "presence_by_category": [["Adult", 88.88888888888889], ["Entertainment", 11.11111111111111]]}