{"id": "booking.com", "name": "Booking.com", "category": "misc", "website_url": null, "ghostery_id": "c_1707", "company_id": null, "company_name": null, "iab_vendor": null, "truste_type": null, "description": null, "truste_privacy_url": null, "privacy_url": null, "date_range": ["2017-05", "2019-02"], "overview": {"reach": 0.0015921783402007795, "site_reach_top10k": 40, "site_avg_frequency": 0.12457875440546913, "cookies": 0.17351454015527684, "bad_qs": 0.002510494067252954, "tracked": 0.17399289787795058, "https": 0.9604614863943345, "requests": 110.44229349039496, "requests_tracking": 4.556313867322662, "content_length": 1973662.339566801, "requests_failed": 33.021524077001956, "has_blocking": 0.0, "script": 0.8614353762457758, "iframe": 0.15713621829680405, "beacon": 3.030777545979421e-05, "image": 0.8964287337916542, "stylesheet": 0.8712242825896984, "font": 0.46968060655961286, "xhr": 0.04189494314766453, "plugin": 0.07551990463153321, "media": 4.5966792780687885e-05, "referer_leaked": 0.28673176103329306, "referer_leaked_header": 0.28668074294460244, "referer_leaked_url": 0.0, "hosts": 1.1177830872510341, "reach_rank": 381, "site_reach_rank": 609}, "reach_time_series": {"page": [0.0037681936656319207, 0.0044331886527954716, 0.0050640221344470755, 0.00490147128174554, 0.00398226593966631, 0.0033262096309715464, 0.0025825436609767266, 0.002416968450420644, 0.00391448983041324, 0.0024111372851622114, 0.0018871798513015927, 0.002006167633884738, 0.0026695382473477824, 0.002342331707008802, 0.002864321901989966, 0.002373148864360768, 0.0016580885815502655, 0.0015752611340720249, 0.0015221338811407476, 0.001554205037907771, 0.001741332980892902, 0.0015921783402007795], "ts": ["2017-05", "2017-06", "2017-07", "2017-08", "2017-09", "2017-10", "2017-11", "2017-12", "2018-01", "2018-02", "2018-03", "2018-04", "2018-05", "2018-06", "2018-07", "2018-08", "2018-09", "2018-10", "2018-11", "2018-12", "2019-01", "2019-02"], "site": [42, 42, 46, 40, 41, 40]}, "presence_by_category": [["Recreation", 81.81818181818181], ["Business", 9.090909090909092], ["Reference", 9.090909090909092]]}