{"id": "boudja.com", "name": "boudja.com", "category": "unknown", "website_url": null, "ghostery_id": null, "company_id": null, "company_name": null, "iab_vendor": null, "truste_type": null, "description": null, "truste_privacy_url": null, "privacy_url": null, "date_range": ["2018-05", "2019-02"], "overview": {"reach": 0.000478483494658614, "site_reach_top10k": 73, "site_avg_frequency": 0.1604725576583128, "cookies": 0.2366309823360042, "bad_qs": 0.0, "tracked": 0.2366309823360042, "https": 0.852956353508511, "requests": 1.5765347371747356, "requests_tracking": 0.3735996463502981, "content_length": 1413.727435922002, "requests_failed": 1.156505120693046, "has_blocking": 0.0, "script": 3.3616891815799605e-06, "iframe": 0.9350891435928725, "beacon": 0.0, "image": 0.2347870958199076, "stylesheet": 1.6808445907899802e-06, "font": 0.0, "xhr": 0.05927834618339023, "plugin": 0.0, "media": 0.0, "referer_leaked": 0.22435409344487417, "referer_leaked_header": 0.22435409344487417, "referer_leaked_url": 0.0, "hosts": 1.0, "reach_rank": 753, "site_reach_rank": 425}, "reach_time_series": {"page": [0.0013818103034670566, 0.0013128836608375365, 0.0008773882248426488, 0.0008807982161723968, 0.0010484340782744787, 0.0008641027011737951, 0.0007594464298924148, 0.0005218788407383781, 0.0003569434670085084, 0.000478483494658614], "ts": ["2018-05", "2018-06", "2018-07", "2018-08", "2018-09", "2018-10", "2018-11", "2018-12", "2019-01", "2019-02"], "site": [123, 94, 80, 79, 66, 73]}, "presence_by_category": [["Entertainment", 66.66666666666667], ["Business", 33.333333333333336]]}