{"id": "brightonclick.com", "name": "brightonclick.com", "category": "advertising", "website_url": null, "ghostery_id": null, "company_id": null, "company_name": null, "iab_vendor": null, "truste_type": null, "description": null, "truste_privacy_url": null, "privacy_url": null, "date_range": ["2017-10", "2019-02"], "overview": {"reach": 3.052474716949643e-05, "site_reach_top10k": 6, "site_avg_frequency": 0.12651154583427773, "cookies": 0.006613268693681826, "bad_qs": 0.0, "tracked": 0.006613268693681826, "https": 0.0006850397850028982, "requests": 1.7718290562259578, "requests_tracking": 0.02310691890182853, "content_length": 5.451335827580755, "requests_failed": 1.7016124782631608, "has_blocking": 0.0, "script": 0.9998682615798071, "iframe": 0.0017389471465458187, "beacon": 0.0, "image": 0.0, "stylesheet": 0.0, "font": 0.0, "xhr": 0.0, "plugin": 0.0, "media": 0.0, "referer_leaked": 0.006718659429836117, "referer_leaked_header": 0.0040048479738630976, "referer_leaked_url": 0.0, "hosts": 1.0, "reach_rank": 1100, "site_reach_rank": 1028}, "reach_time_series": {"page": [0.0011005218723451188, 0.001646728137266808, 0.00018277967511396426, 1.8729416269558946e-05, 3.0955558616277703e-05, 5.199595818526057e-05, 6.0422850541818825e-05, 8.37043048971643e-05, 0.00013076827955028347, 0.00012493398875027927, 0.00012270416672888125, 0.00011916549745084431, 6.358264410480519e-05, 9.792892908260492e-05, 0.0001254150248834649, 9.249999363839626e-05, 3.052474716949643e-05], "ts": ["2017-10", "2017-11", "2017-12", "2018-01", "2018-02", "2018-03", "2018-04", "2018-05", "2018-06", "2018-07", "2018-08", "2018-09", "2018-10", "2018-11", "2018-12", "2019-01", "2019-02"], "site": [10, 10, 8, 9, 8, 6]}, "presence_by_category": [["Entertainment", 100.0]]}