{"id": "bumlam.com", "name": "bumlam.com", "category": "unknown", "website_url": null, "ghostery_id": null, "company_id": null, "company_name": null, "iab_vendor": null, "truste_type": null, "description": null, "truste_privacy_url": null, "privacy_url": null, "date_range": ["2017-10", "2019-02"], "overview": {"reach": 0.0007583864346164138, "site_reach_top10k": 96, "site_avg_frequency": 0.09018092801629614, "cookies": 0.5554823821855719, "bad_qs": 0.18049537310995306, "tracked": 0.5889915437035906, "https": 0.9588903523562886, "requests": 2.9233736953400227, "requests_tracking": 1.2466557648950227, "content_length": 65.01102796919507, "requests_failed": 1.2377402790768701, "has_blocking": 0.0, "script": 0.01270353331933495, "iframe": 0.0012248585845088793, "beacon": 0.0, "image": 0.9888967364676987, "stylesheet": 0.0, "font": 0.0, "xhr": 0.004709607769527216, "plugin": 0.0, "media": 0.0, "referer_leaked": 0.8007213409603315, "referer_leaked_header": 0.8007213409603315, "referer_leaked_url": 0.0, "hosts": 1.0, "reach_rank": 630, "site_reach_rank": 361}, "reach_time_series": {"page": [0.0009199968952582442, 0.0013580629863614868, 0.0011203910405679998, 0.00045134651378791964, 0.0007587827456920974, 0.0007882194755348736, 0.0009178380515273052, 0.0007282051486555832, 0.0008739583371686615, 0.0006524150580217192, 0.0004923732018988774, 0.0006835598646817651, 0.0008458228787229096, 0.0006273784214753331, 0.0005433484810924566, 0.000699831756151047, 0.0007583864346164138], "ts": ["2017-10", "2017-11", "2017-12", "2018-01", "2018-02", "2018-03", "2018-04", "2018-05", "2018-06", "2018-07", "2018-08", "2018-09", "2018-10", "2018-11", "2018-12", "2019-01", "2019-02"], "site": [70, 75, 63, 53, 82, 96]}, "presence_by_category": [["News and Portals", 52.17391304347826], ["Entertainment", 34.78260869565217], ["Business", 13.043478260869565]]}