{"id": "bunchbox", "name": "Bunchbox", "category": "site_analytics", "website_url": null, "ghostery_id": "2366", "company_id": "bunchbox", "company_name": "Bunchbox", "iab_vendor": null, "truste_type": null, "description": null, "truste_privacy_url": null, "privacy_url": null, "date_range": ["2017-05", "2019-02"], "overview": {"reach": 7.818417680845909e-05, "site_reach_top10k": 5, "site_avg_frequency": 0.6601388448035017, "cookies": 0.002890559904539516, "bad_qs": 0.0, "tracked": 0.002890559904539516, "https": 0.9978089350189789, "requests": 1.9830269614146256, "requests_tracking": 0.007684157468651312, "content_length": 21847.682233857613, "requests_failed": 0.6136730684167755, "has_blocking": 0.0, "script": 0.9583183319103412, "iframe": 0.0, "beacon": 0.02157118903850308, "image": 0.3433388538569944, "stylesheet": 2.0573380103484103e-05, "font": 0.0, "xhr": 0.0005760546428975549, "plugin": 0.0, "media": 0.0, "referer_leaked": 0.8021663769248969, "referer_leaked_header": 0.7988746361083394, "referer_leaked_url": 0.0, "hosts": 1.0, "reach_rank": 1043, "site_reach_rank": 1040}, "reach_time_series": {"page": [0.004407074141777194, 0.004559434008831555, 0.0041097571142320165, 0.0037597948836326496, 0.00405750405794481, 0.003427045562994266, 0.0035664879304648854, 0.0029430964358548857, 0.002442489476363482, 0.0013058868299610702, 0.0008947444859242801, 0.0006115607494359024, 0.0007959903453242073, 0.0004042357828079123, 0.0004385256853909652, 0.00015769143589076498, 9.442750907407407e-05, 0.00011550104438910837, 0.00012165147172636749, 0.00013384311271787523, 9.114588523531324e-05, 7.818417680845909e-05], "ts": ["2017-05", "2017-06", "2017-07", "2017-08", "2017-09", "2017-10", "2017-11", "2017-12", "2018-01", "2018-02", "2018-03", "2018-04", "2018-05", "2018-06", "2018-07", "2018-08", "2018-09", "2018-10", "2018-11", "2018-12", "2019-01", "2019-02"], "site": [6, 5, 5, 6, 4, 5]}, "presence_by_category": [["E-Commerce", 60.0], ["Business", 40.0]]}