{"id": "cdn-net.com", "name": "cdn-net.com", "category": "unknown", "website_url": null, "ghostery_id": "cdn-net.com", "company_id": null, "company_name": null, "iab_vendor": null, "truste_type": null, "description": null, "truste_privacy_url": null, "privacy_url": null, "date_range": ["2017-06", "2019-02"], "overview": {"reach": 0.00022278465087159977, "site_reach_top10k": 42, "site_avg_frequency": 0.10343600313610311, "cookies": 0.6391896233669185, "bad_qs": 0.00315515492388279, "tracked": 0.6393015338962553, "https": 0.9980722508817467, "requests": 3.461129141140838, "requests_tracking": 1.0175049727985213, "content_length": 20768.61260906764, "requests_failed": 0.9642716610049565, "has_blocking": 0.0, "script": 0.8708624691794792, "iframe": 0.6198940820990083, "beacon": 0.0, "image": 0.039970109058615845, "stylesheet": 2.8880136603046133e-05, "font": 0.0, "xhr": 0.0009819246445035685, "plugin": 0.0741750208478486, "media": 0.0, "referer_leaked": 0.6505611771543679, "referer_leaked_header": 0.6505611771543679, "referer_leaked_url": 0.0, "hosts": 1.0, "reach_rank": 910, "site_reach_rank": 597}, "reach_time_series": {"page": [0.0006786257019405078, 0.0007110072789662927, 0.0006714681481180936, 0.0006393852498876815, 0.000642549738361877, 0.0004266119623926083, 0.00020720545481756438, 0.00017694121902899908, 0.0002283872318840489, 0.00030138857378344717, 0.000304553447840137, 0.00032834907416223985, 0.0002234601695756639, 0.00024671644864402993, 0.00021618987178572617, 0.00021953232057541475, 0.00020965602197537528, 0.00020345234654304452, 0.0001954777623989085, 0.0002249332713273854, 0.00022278465087159977], "ts": ["2017-06", "2017-07", "2017-08", "2017-09", "2017-10", "2017-11", "2017-12", "2018-01", "2018-02", "2018-03", "2018-04", "2018-05", "2018-06", "2018-07", "2018-08", "2018-09", "2018-10", "2018-11", "2018-12", "2019-01", "2019-02"], "site": [34, 37, 42, 40, 39, 42]}, "presence_by_category": [["Recreation", 53.333333333333336], ["Business", 20.0], ["Entertainment", 13.333333333333334], ["Banking", 6.666666666666667], ["E-Commerce", 6.666666666666667]]}