{"id": "cdn13.com", "name": "cdn13.com", "category": "misc", "website_url": null, "ghostery_id": "cdn13.com", "company_id": null, "company_name": null, "iab_vendor": null, "truste_type": null, "description": null, "truste_privacy_url": null, "privacy_url": null, "date_range": ["2017-05", "2019-02"], "overview": {"reach": 0.0012245953681931693, "site_reach_top10k": 43, "site_avg_frequency": 0.16563675648038556, "cookies": 0.0002856874526727539, "bad_qs": 0.03397382052129094, "tracked": 0.034246372918668395, "https": 0.9770090559638733, "requests": 49.06796077609788, "requests_tracking": 0.20800607890359066, "content_length": 244624515.49886546, "requests_failed": 8.09445615288679, "has_blocking": 0.0, "script": 0.00019833933495901534, "iframe": 0.0002180419179019639, "beacon": 0.0, "image": 0.013617111824636504, "stylesheet": 0.0005779424329931573, "font": 2.692686335536301e-05, "xhr": 0.8601871876730133, "plugin": 0.0025370359302870076, "media": 0.21400748566801278, "referer_leaked": 0.548202697546306, "referer_leaked_header": 0.5479156965881037, "referer_leaked_url": 0.0, "hosts": 1.0, "reach_rank": 464, "site_reach_rank": 585}, "reach_time_series": {"page": [0.0042110674027502236, 0.003843316215084783, 0.003459047218614771, 0.003974759888176836, 0.00395826940378664, 0.004346752083088303, 0.004553365716172432, 0.004216622732084174, 0.0028590856549957654, 0.002090069157225976, 0.0016683194255262502, 0.0016837629130242648, 0.0022591133253421418, 0.0021693612404702707, 0.002167176511482471, 0.0017162349377526282, 0.0013680455405365272, 0.0014187925620841705, 0.001571852015581309, 0.001850993246280929, 0.0013696394484182949, 0.0012245953681931693], "ts": ["2017-05", "2017-06", "2017-07", "2017-08", "2017-09", "2017-10", "2017-11", "2017-12", "2018-01", "2018-02", "2018-03", "2018-04", "2018-05", "2018-06", "2018-07", "2018-08", "2018-09", "2018-10", "2018-11", "2018-12", "2019-01", "2019-02"], "site": [43, 48, 52, 65, 53, 43]}, "presence_by_category": [["Adult", 100.0]]}