{"id": "cdnsure.com", "name": "cdnsure.com", "category": "unknown", "website_url": null, "ghostery_id": null, "company_id": null, "company_name": null, "iab_vendor": null, "truste_type": null, "description": null, "truste_privacy_url": null, "privacy_url": null, "date_range": ["2018-09", "2019-02"], "overview": {"reach": 0.001739696656460551, "site_reach_top10k": 338, "site_avg_frequency": 0.02908456516326216, "cookies": 0.8051927038452008, "bad_qs": 0.0, "tracked": 0.8051927038452008, "https": 0.8428772990025482, "requests": 1.3519471021380307, "requests_tracking": 1.0351304047132095, "content_length": 26.31924930378085, "requests_failed": 0.23811712014911848, "has_blocking": 0.0, "script": 0.0, "iframe": 0.9999227964155346, "beacon": 0.0, "image": 0.0, "stylesheet": 9.245938259322679e-07, "font": 0.0, "xhr": 0.0, "plugin": 0.0, "media": 0.0, "referer_leaked": 0.7558184689465918, "referer_leaked_header": 0.7558184689465918, "referer_leaked_url": 0.0, "hosts": 1.0, "reach_rank": 358, "site_reach_rank": 131}, "reach_time_series": {"page": [0.0005550761039275661, 0.0019075469056727295, 0.002218517644382722, 0.0021670558289263882, 0.0017858316149818637, 0.001739696656460551], "ts": ["2018-09", "2018-10", "2018-11", "2018-12", "2019-01", "2019-02"], "site": [81, 431, 523, 499, 367, 338]}, "presence_by_category": [["Adult", 51.06382978723404], ["Entertainment", 17.02127659574468], ["News and Portals", 10.638297872340425], ["Reference", 10.638297872340425], ["Business", 8.51063829787234], ["E-Commerce", 2.127659574468085]]}