{"id": "cdnwidget.com", "name": "cdnwidget.com", "category": "cdn", "website_url": null, "ghostery_id": null, "company_id": null, "company_name": null, "iab_vendor": null, "truste_type": null, "description": null, "truste_privacy_url": null, "privacy_url": null, "date_range": ["2019-02", "2019-02"], "overview": {"reach": 0.0006002197637030053, "site_reach_top10k": 64, "site_avg_frequency": 0.19169960195629193, "cookies": 0.7359534452448332, "bad_qs": 0.15088489409141584, "tracked": 0.7581320748649344, "https": 0.9984805119629534, "requests": 2.5770704699425435, "requests_tracking": 1.3928720735785953, "content_length": 5280.932351963811, "requests_failed": 0.5817830267558528, "has_blocking": 0.0, "script": 0.20157469342251952, "iframe": 0.0005493739816482291, "beacon": 0.0, "image": 0.682460498670783, "stylesheet": 0.0, "font": 0.0, "xhr": 0.5221169925392334, "plugin": 0.0, "media": 0.0, "referer_leaked": 0.9266210552268245, "referer_leaked_header": 0.9265540583997942, "referer_leaked_url": 0.0, "hosts": 1.0, "reach_rank": 697, "site_reach_rank": 458}, "reach_time_series": {"page": [0.0006002197637030053], "ts": ["2019-02"], "site": [64]}, "presence_by_category": [["Business", 35.294117647058826], ["News and Portals", 35.294117647058826], ["Entertainment", 23.529411764705884], ["Reference", 5.882352941176471]]}