{"id": "chaturbate.com", "name": "chaturbate.com", "category": "pornvertising", "website_url": null, "ghostery_id": "chaturbate.com", "company_id": null, "company_name": null, "iab_vendor": null, "truste_type": null, "description": null, "truste_privacy_url": null, "privacy_url": null, "date_range": ["2017-06", "2019-02"], "overview": {"reach": 0.000595423178570506, "site_reach_top10k": 31, "site_avg_frequency": 0.4002923962469508, "cookies": 0.18691952346219304, "bad_qs": 0.0014912067428478808, "tracked": 0.18717481157306104, "https": 0.9058999918956155, "requests": 3.211030067266391, "requests_tracking": 1.5941797012183592, "content_length": 32052.94646243618, "requests_failed": 1.6093929816030472, "has_blocking": 0.0, "script": 0.036831725963746384, "iframe": 0.9107572196558338, "beacon": 0.0, "image": 0.08141124348272416, "stylesheet": 2.9716076397330958e-05, "font": 0.0, "xhr": 0.010970635113596456, "plugin": 0.0015519896263878757, "media": 4.9977037577329336e-05, "referer_leaked": 0.08709511845908637, "referer_leaked_header": 0.08672366750411972, "referer_leaked_url": 0.0, "hosts": 1.0, "reach_rank": 699, "site_reach_rank": 686}, "reach_time_series": {"page": [0.0006557976024906305, 0.0005417487980899006, 0.00036490051011883295, 0.0003881888593323393, 0.0005923148349540392, 0.0005321231473891085, 0.0005081554992740108, 0.0005103896652440501, 0.0003246443890216866, 0.0003578691282350043, 0.0003603060605889855, 0.0004741067293655237, 0.0004522931127136693, 0.0004918846642012966, 0.0004065230765284091, 0.0004468189635461275, 0.00045745612368908325, 0.0004811977636028014, 0.0005974746395911074, 0.0005651514702400481, 0.000595423178570506], "ts": ["2017-06", "2017-07", "2017-08", "2017-09", "2017-10", "2017-11", "2017-12", "2018-01", "2018-02", "2018-03", "2018-04", "2018-05", "2018-06", "2018-07", "2018-08", "2018-09", "2018-10", "2018-11", "2018-12", "2019-01", "2019-02"], "site": [20, 25, 28, 39, 29, 31]}, "presence_by_category": [["Adult", 83.33333333333333], ["Business", 16.666666666666668]]}