{"id": "clcknads.pro", "name": "clcknads.pro", "category": "pornvertising", "website_url": null, "ghostery_id": null, "company_id": null, "company_name": null, "iab_vendor": null, "truste_type": null, "description": null, "truste_privacy_url": null, "privacy_url": null, "date_range": ["2018-11", "2019-02"], "overview": {"reach": 0.0016636140016090372, "site_reach_top10k": 55, "site_avg_frequency": 0.40497032498089097, "cookies": 0.03139938274469764, "bad_qs": 0.0007154901687783296, "tracked": 0.03161596355254405, "https": 0.8046194559180706, "requests": 2.646886264135765, "requests_tracking": 0.16475273046518463, "content_length": 354.1118441662412, "requests_failed": 2.4610405934314135, "has_blocking": 0.0, "script": 0.9077356089788214, "iframe": 0.06693942312154824, "beacon": 0.0, "image": 0.0512595527606318, "stylesheet": 0.0, "font": 0.0, "xhr": 0.340598942621556, "plugin": 0.0, "media": 0.0, "referer_leaked": 0.03246826704413607, "referer_leaked_header": 0.03150573939140793, "referer_leaked_url": 0.0, "hosts": 1.0, "reach_rank": 372, "site_reach_rank": 505}, "reach_time_series": {"page": [0.0010014611516323592, 0.0015095999558568836, 0.0014687992940119086, 0.0016636140016090372], "ts": ["2018-11", "2018-12", "2019-01", "2019-02"], "site": [22, 34, 43, 55]}, "presence_by_category": [["Adult", 84.21052631578948], ["Business", 5.2631578947368425], ["Entertainment", 5.2631578947368425], ["News and Portals", 5.2631578947368425]]}