{"id": "cpx.to", "name": "cpx.to", "category": "unknown", "website_url": null, "ghostery_id": "cpx.to", "company_id": null, "company_name": null, "iab_vendor": null, "truste_type": null, "description": null, "truste_privacy_url": null, "privacy_url": null, "date_range": ["2017-05", "2019-02"], "overview": {"reach": 0.002177952854815116, "site_reach_top10k": 103, "site_avg_frequency": 0.3617609676345727, "cookies": 0.3851987771197766, "bad_qs": 0.00914427556828148, "tracked": 0.3852837096150601, "https": 0.9321315508341295, "requests": 2.1332402522421257, "requests_tracking": 1.0844173612359969, "content_length": 1251.7172593539296, "requests_failed": 0.9013305967837172, "has_blocking": 0.0, "script": 0.995062467850281, "iframe": 0.0005435679698142527, "beacon": 0.0, "image": 0.004641745503101329, "stylesheet": 0.0, "font": 0.0, "xhr": 0.0004770990604619663, "plugin": 0.0, "media": 0.0, "referer_leaked": 0.39936034752899985, "referer_leaked_header": 0.3696025860836999, "referer_leaked_url": 0.0, "hosts": 1.0, "reach_rank": 288, "site_reach_rank": 334}, "reach_time_series": {"page": [0.004254919806107842, 0.004139657602372565, 0.004164655866789409, 0.004106181190107454, 0.003868453798065592, 0.0035208998660688742, 0.0032650989510795386, 0.00297905413656498, 0.0025928476824627106, 0.00197521660356772, 0.001581113736114393, 0.001575743508453022, 0.0017490031840849936, 0.001236307525704738, 0.001424393873710342, 0.0013445547096144516, 0.001450427043218445, 0.001622929344226025, 0.0014582838341163208, 0.0014592233985218886, 0.002014902234781521, 0.002177952854815116], "ts": ["2017-05", "2017-06", "2017-07", "2017-08", "2017-09", "2017-10", "2017-11", "2017-12", "2018-01", "2018-02", "2018-03", "2018-04", "2018-05", "2018-06", "2018-07", "2018-08", "2018-09", "2018-10", "2018-11", "2018-12", "2019-01", "2019-02"], "site": [113, 121, 61, 70, 107, 103]}, "presence_by_category": [["Entertainment", 30.434782608695652], ["News and Portals", 30.434782608695652], ["Reference", 21.73913043478261], ["Business", 8.695652173913043], ["E-Commerce", 8.695652173913043]]}