{"id": "dailymotion", "name": "Dailymotion", "category": "misc", "website_url": null, "ghostery_id": "c_1475", "company_id": "vivendi", "company_name": "Vivendi", "iab_vendor": null, "truste_type": null, "description": null, "truste_privacy_url": null, "privacy_url": null, "date_range": ["2017-05", "2019-02"], "overview": {"reach": 0.002503513430247762, "site_reach_top10k": 188, "site_avg_frequency": 0.27031565378408434, "cookies": 0.5376962442536213, "bad_qs": 0.03771166430547123, "tracked": 0.5377849095517584, "https": 0.8233745498469238, "requests": 67.86360225261258, "requests_tracking": 3.4754098360655736, "content_length": 9177621.592152478, "requests_failed": 17.12365050452482, "has_blocking": 0.0, "script": 0.9369849943620435, "iframe": 0.519397140222884, "beacon": 0.00012625167452125558, "image": 0.5724607511492757, "stylesheet": 0.07483286912552244, "font": 0.40166183183790954, "xhr": 0.5665143936546486, "plugin": 0.000523960511817221, "media": 0.002113189605600049, "referer_leaked": 0.9506760728982951, "referer_leaked_header": 0.9308535962452174, "referer_leaked_url": 0.0, "hosts": 2.074801065268582, "reach_rank": 253, "site_reach_rank": 210}, "reach_time_series": {"page": [0.0009609291148714345, 0.0008225180894632903, 0.0007968379048482654, 0.0006481448472509263, 0.0005519040010583289, 0.0005087372876909362, 0.0004373324139423205, 0.000650878932216412, 0.0006929779444548259, 0.0015836218203294325, 0.0014275900465998339, 0.002072826263325269, 0.002554022598222147, 0.002189861938064878, 0.002040830326862257, 0.0018826879004569027, 0.0019885587104515306, 0.002084277720949632, 0.0019618894318485227, 0.0020524870904808147, 0.002460572394265248, 0.002503513430247762], "ts": ["2017-05", "2017-06", "2017-07", "2017-08", "2017-09", "2017-10", "2017-11", "2017-12", "2018-01", "2018-02", "2018-03", "2018-04", "2018-05", "2018-06", "2018-07", "2018-08", "2018-09", "2018-10", "2018-11", "2018-12", "2019-01", "2019-02"], "site": [160, 171, 162, 171, 183, 188]}, "presence_by_category": [["News and Portals", 64.44444444444444], ["Entertainment", 17.77777777777778], ["Business", 8.88888888888889], ["Reference", 4.444444444444445], ["Banking", 2.2222222222222223], ["Political", 2.2222222222222223]]}