{"id": "datds.net", "name": "datds.net", "category": "extensions", "website_url": null, "ghostery_id": null, "company_id": null, "company_name": null, "iab_vendor": null, "truste_type": null, "description": null, "truste_privacy_url": null, "privacy_url": null, "date_range": ["2018-04", "2019-02"], "overview": {"reach": 0.00017639996761677717, "site_reach_top10k": 17, "site_avg_frequency": 0.019039074394677752, "cookies": 0.9542658879420789, "bad_qs": 0.025905814446526513, "tracked": 0.9566002379942826, "https": 0.8842490642083043, "requests": 1.5691482813803668, "requests_tracking": 1.0960913314457925, "content_length": 544.2906767335513, "requests_failed": 0.4852119836048383, "has_blocking": 0.0, "script": 0.003196053489442993, "iframe": 0.003378424587271409, "beacon": 0.0, "image": 0.0, "stylesheet": 0.0, "font": 0.0, "xhr": 0.9966170161352829, "plugin": 0.0, "media": 0.0, "referer_leaked": 0.7123323895629021, "referer_leaked_header": 0.7122640004012164, "referer_leaked_url": 0.0, "hosts": 1.0, "reach_rank": 956, "site_reach_rank": 834}, "reach_time_series": {"page": [0.0011986855716876195, 0.0013715209271323028, 0.000982021901698334, 0.0004825142911468903, 0.0003674679556316817, 0.00028219718361546044, 0.0003280981578857476, 0.00028440805160048885, 0.00026028300794417254, 0.00033449552280045085, 0.00017639996761677717], "ts": ["2018-04", "2018-05", "2018-06", "2018-07", "2018-08", "2018-09", "2018-10", "2018-11", "2018-12", "2019-01", "2019-02"], "site": [14, 35, 34, 31, 39, 17]}, "presence_by_category": []}