{"id": "dcbap.com", "name": "dcbap.com", "category": "extensions", "website_url": null, "ghostery_id": null, "company_id": null, "company_name": null, "iab_vendor": null, "truste_type": null, "description": null, "truste_privacy_url": null, "privacy_url": null, "date_range": ["2017-12", "2019-02"], "overview": {"reach": 4.3316445112554884e-05, "site_reach_top10k": 1, "site_avg_frequency": 0.01002049647005238, "cookies": 3.7133998031898104e-05, "bad_qs": 0.0, "tracked": 3.7133998031898104e-05, "https": 0.8652035871442099, "requests": 1.4896303310495924, "requests_tracking": 3.7133998031898104e-05, "content_length": 160.53693904454224, "requests_failed": 0.8982528453925992, "has_blocking": 0.0, "script": 0.9998328970088565, "iframe": 0.0, "beacon": 0.0, "image": 0.0, "stylesheet": 0.0, "font": 0.0, "xhr": 0.00016710299114354148, "plugin": 0.0, "media": 0.0, "referer_leaked": 0.21801370244527377, "referer_leaked_header": 0.21801370244527377, "referer_leaked_url": 0.0, "hosts": 1.0, "reach_rank": 1086, "site_reach_rank": 1120}, "reach_time_series": {"page": [0.0014372133868954151, 0.0009771714768621591, 0.0007389739748746295, 0.0003896306542193532, 0.0004159032919172268, 0.00046867047751772883, 0.0004235048990701779, 0.0007226329347747345, 0.00012425267833603084, 9.669496186217638e-05, 7.531447045388093e-05, 8.372477976718111e-05, 8.556274034389999e-05, 6.750617804579569e-05, 4.3316445112554884e-05], "ts": ["2017-12", "2018-01", "2018-02", "2018-03", "2018-04", "2018-05", "2018-06", "2018-07", "2018-08", "2018-09", "2018-10", "2018-11", "2018-12", "2019-01", "2019-02"], "site": [4, 4, 5, 6, 3, 1]}, "presence_by_category": []}