{"id": "defpush.com", "name": "defpush.com", "category": "unknown", "website_url": null, "ghostery_id": null, "company_id": null, "company_name": null, "iab_vendor": null, "truste_type": null, "description": null, "truste_privacy_url": null, "privacy_url": null, "date_range": ["2018-04", "2019-02"], "overview": {"reach": 0.00020809812486479747, "site_reach_top10k": 8, "site_avg_frequency": 0.743145194304569, "cookies": 0.052754438715960826, "bad_qs": 0.0, "tracked": 0.052754438715960826, "https": 0.9678990206611889, "requests": 1.4133319935380644, "requests_tracking": 0.07536734867398916, "content_length": 0.8149382019432184, "requests_failed": 1.3330138436922696, "has_blocking": 0.0, "script": 0.9992540947492908, "iframe": 0.0, "beacon": 0.0, "image": 0.0, "stylesheet": 3.864794045125336e-06, "font": 0.0, "xhr": 0.0001314029975342614, "plugin": 0.0, "media": 0.0, "referer_leaked": 0.04540360044213244, "referer_leaked_header": 0.04540360044213244, "referer_leaked_url": 0.0, "hosts": 1.0, "reach_rank": 918, "site_reach_rank": 988}, "reach_time_series": {"page": [0.0011126453088200164, 0.0010514619354962357, 0.0006619698345448736, 0.0004424318969027571, 0.0005322172881222182, 0.00034002376792656805, 0.0003335623304737639, 0.0002763464323585768, 0.0002949583039241731, 0.00023600350723669536, 0.00020809812486479747], "ts": ["2018-04", "2018-05", "2018-06", "2018-07", "2018-08", "2018-09", "2018-10", "2018-11", "2018-12", "2019-01", "2019-02"], "site": [13, 11, 8, 7, 7, 8]}, "presence_by_category": [["Entertainment", 100.0]]}