{"id": "deviantart.net", "name": "deviantart.net", "category": "misc", "website_url": null, "ghostery_id": "", "company_id": null, "company_name": null, "iab_vendor": null, "truste_type": null, "description": null, "truste_privacy_url": null, "privacy_url": null, "date_range": ["2018-07", "2019-02"], "overview": {"reach": 0.001507872163722873, "site_reach_top10k": 51, "site_avg_frequency": 0.07516047088704268, "cookies": 0.0060585695503409575, "bad_qs": 3.2002304165899945e-06, "tracked": 0.0060585695503409575, "https": 0.9202235894317724, "requests": 3.4969349793185107, "requests_tracking": 0.06677014078346974, "content_length": 155759.2990247298, "requests_failed": 1.3213186016059824, "has_blocking": 0.0, "script": 0.02077482912103005, "iframe": 1.0667434721966648e-06, "beacon": 0.0, "image": 0.9924586570233057, "stylesheet": 0.017101497974520832, "font": 0.007101311294413198, "xhr": 1.0134062985868316e-05, "plugin": 0.00012907596013579645, "media": 6.827158222058655e-05, "referer_leaked": 0.5823581964568115, "referer_leaked_header": 0.5493734215530185, "referer_leaked_url": 0.0, "hosts": 1.010213535374547, "reach_rank": 397, "site_reach_rank": 543}, "reach_time_series": {"page": [0.001562157467600097, 0.001413373881765009, 0.001298839847712117, 0.0012500790371414029, 0.0010281381765968583, 0.0010315676073385956, 0.001370919763447913, 0.001507872163722873], "ts": ["2018-07", "2018-08", "2018-09", "2018-10", "2018-11", "2018-12", "2019-01", "2019-02"], "site": [39, 45, 42, 38, 50, 51]}, "presence_by_category": [["Entertainment", 66.66666666666667], ["Adult", 22.22222222222222], ["Business", 11.11111111111111]]}