{"id": "dimml", "name": "DimML", "category": "misc", "website_url": null, "ghostery_id": "c_3410", "company_id": null, "company_name": null, "iab_vendor": null, "truste_type": null, "description": null, "truste_privacy_url": null, "privacy_url": null, "date_range": ["2017-05", "2019-02"], "overview": {"reach": 0.0004993660119230914, "site_reach_top10k": 20, "site_avg_frequency": 0.6639685134221371, "cookies": 0.5701074562251169, "bad_qs": 0.024058469586280648, "tracked": 0.5814699212760749, "https": 0.8097725252212903, "requests": 7.191934663007486, "requests_tracking": 1.1100411657840825, "content_length": 990.6966374834113, "requests_failed": 1.7689771687732725, "has_blocking": 0.0, "script": 0.9785087549766147, "iframe": 6.4422197312305925e-06, "beacon": 0.0, "image": 0.09349271384948397, "stylesheet": 1.6105549328076481e-06, "font": 0.0, "xhr": 0.0007617924832180176, "plugin": 0.0, "media": 0.0, "referer_leaked": 0.7692155309033281, "referer_leaked_header": 0.7455226572867948, "referer_leaked_url": 0.0, "hosts": 1.0, "reach_rank": 741, "site_reach_rank": 790}, "reach_time_series": {"page": [0.0011384709359205938, 0.0012342402902704316, 0.0013805135341849058, 0.0010685387283985365, 0.0009380196902840572, 0.0008347780970670139, 0.0009147800659416287, 0.0012810996880602639, 0.001212287873282312, 0.0008235211992048718, 0.0007262978682070598, 0.0008159664741072606, 0.0010538401277282172, 0.0008912877128324886, 0.0010334261515263755, 0.0014369331887553035, 0.001141344721584886, 0.00089933572607023, 0.000652531251403951, 0.000616306245105025, 0.0005569050607553327, 0.0004993660119230914], "ts": ["2017-05", "2017-06", "2017-07", "2017-08", "2017-09", "2017-10", "2017-11", "2017-12", "2018-01", "2018-02", "2018-03", "2018-04", "2018-05", "2018-06", "2018-07", "2018-08", "2018-09", "2018-10", "2018-11", "2018-12", "2019-01", "2019-02"], "site": [34, 30, 23, 24, 19, 20]}, "presence_by_category": [["News and Portals", 60.0], ["Business", 20.0], ["Recreation", 20.0]]}