{"id": "div.show", "name": "div.show", "category": "extensions", "website_url": null, "ghostery_id": null, "company_id": null, "company_name": null, "iab_vendor": null, "truste_type": null, "description": null, "truste_privacy_url": null, "privacy_url": null, "date_range": ["2018-11", "2019-02"], "overview": {"reach": 0.0008220923878240594, "site_reach_top10k": 100, "site_avg_frequency": 0.02152565649635369, "cookies": 0.7702482055456149, "bad_qs": 0.0, "tracked": 0.7702482055456149, "https": 0.8636782083729139, "requests": 1.0554082120806867, "requests_tracking": 0.7809029160311766, "content_length": 56.227162223372275, "requests_failed": 0.29893452895144385, "has_blocking": 0.0, "script": 0.0, "iframe": 0.3037340891058985, "beacon": 0.0, "image": 9.78304148890065e-07, "stylesheet": 0.0, "font": 0.0, "xhr": 0.0, "plugin": 0.6976365150066965, "media": 0.0, "referer_leaked": 0.7164581085271925, "referer_leaked_header": 0.7164581085271925, "referer_leaked_url": 0.0, "hosts": 1.0, "reach_rank": 610, "site_reach_rank": 346}, "reach_time_series": {"page": [0.0012118963822260443, 0.0010546999527503808, 0.0006453230509515559, 0.0008220923878240594], "ts": ["2018-11", "2018-12", "2019-01", "2019-02"], "site": [191, 174, 72, 100]}, "presence_by_category": [["Adult", 57.142857142857146], ["Business", 14.285714285714286], ["Entertainment", 14.285714285714286], ["Reference", 14.285714285714286]]}