{"id": "dynamic_1001_gmbh", "name": "Dynamic 1001 GmbH", "category": "misc", "website_url": null, "ghostery_id": "c_2789", "company_id": null, "company_name": null, "iab_vendor": null, "truste_type": null, "description": null, "truste_privacy_url": null, "privacy_url": null, "date_range": ["2017-05", "2019-02"], "overview": {"reach": 0.00037177153930641226, "site_reach_top10k": 15, "site_avg_frequency": 0.604211666730284, "cookies": 0.6792073639008772, "bad_qs": 0.004828503747931336, "tracked": 0.6798195801018918, "https": 0.998732301435355, "requests": 3.2095315356242766, "requests_tracking": 1.6045407837665357, "content_length": 40459.9016084196, "requests_failed": 0.9678510778682762, "has_blocking": 0.0, "script": 0.9736033141880563, "iframe": 0.01446820477874766, "beacon": 0.0, "image": 0.011439573395636608, "stylesheet": 0.0, "font": 0.0, "xhr": 0.6345501941569047, "plugin": 0.0, "media": 0.0, "referer_leaked": 0.6740327308520189, "referer_leaked_header": 0.6740327308520189, "referer_leaked_url": 0.0, "hosts": 1.0000043266162615, "reach_rank": 804, "site_reach_rank": 864}, "reach_time_series": {"page": [0.004995606088686589, 0.004355331331494274, 0.004194949028865399, 0.004857286675176635, 0.0047410951712081005, 0.004004425014502345, 0.004015959854615891, 0.003408700928589483, 0.003999268935771874, 0.0014854488090388744, 0.0007295117829252539, 0.0007009959497575291, 0.0008562674413192085, 0.0006872429098023059, 0.0007456847650644714, 0.0006352240662731088, 0.000432406123505491, 0.0004444026834478991, 0.0006324662952680929, 0.0006471638216508492, 0.00045063522362836464, 0.00037177153930641226], "ts": ["2017-05", "2017-06", "2017-07", "2017-08", "2017-09", "2017-10", "2017-11", "2017-12", "2018-01", "2018-02", "2018-03", "2018-04", "2018-05", "2018-06", "2018-07", "2018-08", "2018-09", "2018-10", "2018-11", "2018-12", "2019-01", "2019-02"], "site": [18, 14, 20, 22, 15, 15]}, "presence_by_category": [["Business", 33.333333333333336], ["E-Commerce", 33.333333333333336], ["News and Portals", 33.333333333333336]]}