{"id": "dynamic_yield", "name": "Dynamic Yield", "category": "misc", "website_url": null, "ghostery_id": "c_2280", "company_id": null, "company_name": null, "iab_vendor": null, "truste_type": null, "description": null, "truste_privacy_url": null, "privacy_url": null, "date_range": ["2017-05", "2019-02"], "overview": {"reach": 0.001648180321412414, "site_reach_top10k": 46, "site_avg_frequency": 0.679317130913778, "cookies": 0.8709085248682247, "bad_qs": 0.04714534855918201, "tracked": 0.8720259676127031, "https": 0.9787778592139253, "requests": 32.156256557046675, "requests_tracking": 2.9944186418727754, "content_length": 77356.31857707085, "requests_failed": 26.05652845184895, "has_blocking": 0.0, "script": 0.9916489453585137, "iframe": 9.759325279287492e-07, "beacon": 0.0, "image": 0.08119368259356022, "stylesheet": 0.020993284608275323, "font": 0.003730990054271608, "xhr": 0.8118528957382003, "plugin": 2.6350178254076227e-05, "media": 0.0, "referer_leaked": 0.9024531040022017, "referer_leaked_header": 0.8671902219368162, "referer_leaked_url": 0.0, "hosts": 1.0, "reach_rank": 373, "site_reach_rank": 569}, "reach_time_series": {"page": [0.0009005734245451951, 0.0009572886573296914, 0.0009486382782631932, 0.001013783955919388, 0.0010005412769637401, 0.004952171675453082, 0.009333089175744906, 0.008979433391662451, 0.008701764184476614, 0.00522883623843007, 0.003463274257483026, 0.0032814591776566724, 0.00404846516068499, 0.0034414821250017334, 0.003428115191210576, 0.0029626049183141003, 0.0018274414134920943, 0.0016189419750401752, 0.002425148407114334, 0.002424561469204335, 0.0018908973902317943, 0.001648180321412414], "ts": ["2017-05", "2017-06", "2017-07", "2017-08", "2017-09", "2017-10", "2017-11", "2017-12", "2018-01", "2018-02", "2018-03", "2018-04", "2018-05", "2018-06", "2018-07", "2018-08", "2018-09", "2018-10", "2018-11", "2018-12", "2019-01", "2019-02"], "site": [49, 43, 54, 53, 48, 46]}, "presence_by_category": [["E-Commerce", 39.285714285714285], ["Business", 35.714285714285715], ["News and Portals", 17.857142857142858], ["Recreation", 7.142857142857143]]}