{"id": "dyncdn.me", "name": "dyncdn.me", "category": "unknown", "website_url": null, "ghostery_id": null, "company_id": null, "company_name": null, "iab_vendor": null, "truste_type": null, "description": null, "truste_privacy_url": null, "privacy_url": null, "date_range": ["2018-04", "2019-02"], "overview": {"reach": 0.0016428094972147564, "site_reach_top10k": 26, "site_avg_frequency": 0.9311605699610692, "cookies": 7.78402893504693e-05, "bad_qs": 0.0, "tracked": 7.78402893504693e-05, "https": 0.9840182626047417, "requests": 19.496682241252024, "requests_tracking": 0.0011387202077307646, "content_length": 47907.80827300303, "requests_failed": 6.726566156412963, "has_blocking": 0.0, "script": 0.9591348272141401, "iframe": 0.0, "beacon": 0.0, "image": 0.9316929430679061, "stylesheet": 0.9408741807187155, "font": 0.0, "xhr": 0.0002521242076446018, "plugin": 0.0, "media": 0.0, "referer_leaked": 0.9817065528795033, "referer_leaked_header": 0.9817065528795033, "referer_leaked_url": 0.0, "hosts": 1.0, "reach_rank": 375, "site_reach_rank": 727}, "reach_time_series": {"page": [0.0013285433951664804, 0.0017129379660675663, 0.0014360623204272632, 0.0012936783032448484, 0.0011130829806210352, 0.00156439596778583, 0.0015375651014675699, 0.0014094036457618366, 0.001725661821093103, 0.001698347110959973, 0.0016428094972147564], "ts": ["2018-04", "2018-05", "2018-06", "2018-07", "2018-08", "2018-09", "2018-10", "2018-11", "2018-12", "2019-01", "2019-02"], "site": [26, 27, 24, 25, 23, 26]}, "presence_by_category": [["Entertainment", 93.75], ["Adult", 6.25]]}