{"id": "easylist_club", "name": "easylist.club", "category": "unknown", "website_url": null, "ghostery_id": null, "company_id": null, "company_name": null, "iab_vendor": null, "truste_type": null, "description": null, "truste_privacy_url": null, "privacy_url": null, "date_range": ["2017-05", "2019-02"], "overview": {"reach": 0.0009799084029497801, "site_reach_top10k": 178, "site_avg_frequency": 0.13351537270522323, "cookies": 0.047132188610829094, "bad_qs": 0.0, "tracked": 0.047132188610829094, "https": 0.9998522656296808, "requests": 3.839460342760154, "requests_tracking": 0.10034364656029245, "content_length": 1.9399738838463136, "requests_failed": 3.741088129297121, "has_blocking": 0.0, "script": 0.9999811228304593, "iframe": 0.0, "beacon": 0.0, "image": 0.0, "stylesheet": 0.0, "font": 0.0, "xhr": 1.5594183533691232e-05, "plugin": 0.0, "media": 0.0, "referer_leaked": 0.04262300733008701, "referer_leaked_header": 0.04262300733008701, "referer_leaked_url": 0.0, "hosts": 1.0, "reach_rank": 554, "site_reach_rank": 218}, "reach_time_series": {"page": [0.0020443180206426697, 0.0025514875693933405, 0.0019419863439276977, 0.001978656274552247, 0.0015815023078627572, 0.0008848362503748996, 2.445789335757483e-05, 6.359103460093074e-05, 0.00010116603740464168, 0.0002574385475846966, 0.0005120874202444048, 0.0007317292220636857, 0.000939114522123715, 0.0005420471681025259, 0.00027995811427049776, 0.00037631773958342254, 0.0006328651647456922, 0.00043558441499733504, 0.0003500567932407185, 0.000503437367137442, 0.0008468060180813172, 0.0009799084029497801], "ts": ["2017-05", "2017-06", "2017-07", "2017-08", "2017-09", "2017-10", "2017-11", "2017-12", "2018-01", "2018-02", "2018-03", "2018-04", "2018-05", "2018-06", "2018-07", "2018-08", "2018-09", "2018-10", "2018-11", "2018-12", "2019-01", "2019-02"], "site": [153, 131, 86, 139, 192, 178]}, "presence_by_category": [["Entertainment", 88.37209302325581], ["Adult", 11.627906976744185]]}