{"id": "etahub.com", "name": "etahub.com", "category": "unknown", "website_url": null, "ghostery_id": "etahub.com", "company_id": null, "company_name": null, "iab_vendor": null, "truste_type": null, "description": null, "truste_privacy_url": null, "privacy_url": null, "date_range": ["2017-05", "2019-02"], "overview": {"reach": 0.0014703318880304405, "site_reach_top10k": 26, "site_avg_frequency": 0.1624838095443603, "cookies": 0.30844147319641085, "bad_qs": 0.004873131209700534, "tracked": 0.31067483212886204, "https": 0.998441626353526, "requests": 1.6567382566781972, "requests_tracking": 0.5809544751415062, "content_length": 14.892095889481826, "requests_failed": 1.067851883941914, "has_blocking": 0.0, "script": 0.0, "iframe": 0.0, "beacon": 0.16618148680551453, "image": 0.025350784492623298, "stylesheet": 0.0, "font": 0.0, "xhr": 0.7420828711270394, "plugin": 0.007868446789936265, "media": 0.0, "referer_leaked": 0.327883674983098, "referer_leaked_header": 0.3231456502285323, "referer_leaked_url": 0.0, "hosts": 1.0, "reach_rank": 405, "site_reach_rank": 727}, "reach_time_series": {"page": [0.0026576830789510142, 0.002747928546227498, 0.0029096490929524693, 0.002888314248275077, 0.0027218274873690887, 0.0030420838452984147, 0.004743424177573226, 0.004982655405300311, 0.003037741907117008, 0.0016171841017174112, 0.0014654265880549374, 0.00149809677402313, 0.0019378988278758462, 0.0015327619813716397, 0.0014994702224929493, 0.0013957251285774787, 0.0011098096054154075, 0.0013484441559521514, 0.0013726808993286227, 0.0016332253279966714, 0.0014831914616167021, 0.0014703318880304405], "ts": ["2017-05", "2017-06", "2017-07", "2017-08", "2017-09", "2017-10", "2017-11", "2017-12", "2018-01", "2018-02", "2018-03", "2018-04", "2018-05", "2018-06", "2018-07", "2018-08", "2018-09", "2018-10", "2018-11", "2018-12", "2019-01", "2019-02"], "site": [20, 19, 20, 28, 26, 26]}, "presence_by_category": [["Adult", 100.0]]}