{"id": "evidon", "name": "Evidon", "category": "essential", "website_url": null, "ghostery_id": "c_242", "company_id": null, "company_name": null, "iab_vendor": null, "truste_type": null, "description": null, "truste_privacy_url": null, "privacy_url": null, "date_range": ["2017-05", "2019-02"], "overview": {"reach": 0.0063174042156491856, "site_reach_top10k": 302, "site_avg_frequency": 0.26871464057781624, "cookies": 0.014377406997334042, "bad_qs": 0.0011830736822057595, "tracked": 0.015306373817419637, "https": 0.9466677309619409, "requests": 7.702295478667436, "requests_tracking": 0.09691732475378942, "content_length": 23837.033200156384, "requests_failed": 3.399382021277503, "has_blocking": 0.0, "script": 0.8087391372817415, "iframe": 0.022246062775852667, "beacon": 0.0, "image": 0.7744464232358573, "stylesheet": 0.07625535600867885, "font": 5.092321886175657e-07, "xhr": 0.006904551937418419, "plugin": 0.0, "media": 0.012066129401246066, "referer_leaked": 0.505706519559672, "referer_leaked_header": 0.5028933936417014, "referer_leaked_url": 0.0, "hosts": 1.594074981638997, "reach_rank": 122, "site_reach_rank": 141}, "reach_time_series": {"page": [0.004559541201230619, 0.003741563180329174, 0.002111609802660427, 0.003405103446799797, 0.0020262544303400317, 0.002525190802995399, 0.00431033701474514, 0.003351843212103823, 0.002799038581729541, 0.0031501867330792285, 0.002831285216105307, 0.0027758363081008585, 0.004685113939243579, 0.006067716421265319, 0.0056514783122246, 0.0049827118574559065, 0.004952391494224398, 0.005537191755555276, 0.006031901927021243, 0.005751634289675974, 0.006329539286803058, 0.0063174042156491856], "ts": ["2017-05", "2017-06", "2017-07", "2017-08", "2017-09", "2017-10", "2017-11", "2017-12", "2018-01", "2018-02", "2018-03", "2018-04", "2018-05", "2018-06", "2018-07", "2018-08", "2018-09", "2018-10", "2018-11", "2018-12", "2019-01", "2019-02"], "site": [162, 185, 184, 183, 262, 302]}, "presence_by_category": [["News and Portals", 32.967032967032964], ["Entertainment", 29.67032967032967], ["Business", 26.373626373626372], ["Reference", 5.4945054945054945], ["E-Commerce", 3.2967032967032965], ["Banking", 2.197802197802198]]}