{"id": "falk_technologies", "name": "Falk Technologies", "category": "misc", "website_url": null, "ghostery_id": "c_3194", "company_id": null, "company_name": null, "iab_vendor": null, "truste_type": null, "description": null, "truste_privacy_url": null, "privacy_url": null, "date_range": ["2017-05", "2019-02"], "overview": {"reach": 0.0005863576004998266, "site_reach_top10k": 179, "site_avg_frequency": 0.02811367441364116, "cookies": 0.684071993284577, "bad_qs": 0.2584889201007313, "tracked": 0.7346694684172121, "https": 0.9758829080414996, "requests": 3.7309866843696335, "requests_tracking": 1.2163515611712488, "content_length": 707.5942916161456, "requests_failed": 1.7371013403413673, "has_blocking": 0.0, "script": 0.0008956640532844673, "iframe": 0.0, "beacon": 0.0, "image": 0.9971209818562877, "stylesheet": 0.0, "font": 0.0, "xhr": 0.002968173064789567, "plugin": 1.7830984215464127e-05, "media": 0.0, "referer_leaked": 0.14486303060894182, "referer_leaked_header": 0.14461202521575492, "referer_leaked_url": 0.0, "hosts": 1.0, "reach_rank": 705, "site_reach_rank": 216}, "reach_time_series": {"page": [0.0029515581476756195, 0.0025203226605845326, 0.0020500502042248804, 0.0015868379506247198, 0.0017517471192158675, 0.0019410695976748574, 0.004230500059099619, 0.0021791894037072757, 0.0006152890368799775, 0.0002937120528799898, 0.00021069609010185105, 0.0002512107129731601, 0.00027512325095449216, 0.00016998901339648745, 6.104184257979268e-05, 5.460977289531444e-05, 3.272768649401659e-05, 3.7956350492294544e-05, 3.659031242535688e-05, 3.9106079848862156e-05, 0.00031487263490654564, 0.0005863576004998266], "ts": ["2017-05", "2017-06", "2017-07", "2017-08", "2017-09", "2017-10", "2017-11", "2017-12", "2018-01", "2018-02", "2018-03", "2018-04", "2018-05", "2018-06", "2018-07", "2018-08", "2018-09", "2018-10", "2018-11", "2018-12", "2019-01", "2019-02"], "site": [2, 2, 8, 4, 97, 179]}, "presence_by_category": [["Business", 34.883720930232556], ["E-Commerce", 34.883720930232556], ["Recreation", 18.6046511627907], ["Entertainment", 6.976744186046512], ["News and Portals", 4.651162790697675]]}