{"id": "flixmedia", "name": "Flixmedia", "category": "misc", "website_url": null, "ghostery_id": "c_3256", "company_id": null, "company_name": null, "iab_vendor": null, "truste_type": null, "description": null, "truste_privacy_url": null, "privacy_url": null, "date_range": ["2018-04", "2019-02"], "overview": {"reach": 0.0004616311061833643, "site_reach_top10k": 55, "site_avg_frequency": 0.15739088378769206, "cookies": 0.7204230075698842, "bad_qs": 0.02002491354303684, "tracked": 0.7248743434061866, "https": 0.9913499481693773, "requests": 3.369523593822138, "requests_tracking": 0.8233072292829952, "content_length": 65719.72664094009, "requests_failed": 1.1742867844978526, "has_blocking": 0.0, "script": 0.9702692579074366, "iframe": 0.0001620251400297917, "beacon": 0.0, "image": 0.8343894004198716, "stylesheet": 0.0010731987769715236, "font": 0.009904440011498558, "xhr": 0.001057518924710576, "plugin": 0.0, "media": 0.0015453365506067232, "referer_leaked": 0.7644102197792625, "referer_leaked_header": 0.6930163680235546, "referer_leaked_url": 0.0, "hosts": 1.0, "reach_rank": 761, "site_reach_rank": 505}, "reach_time_series": {"page": [0.00045918434686865187, 0.0005507060170182146, 0.0005654292528559249, 0.0006259493413858556, 0.0005465256423506296, 0.0004959183391445507, 0.0005113469325850937, 0.0006996464556173597, 0.0006224245043117828, 0.0005121518395279167, 0.0004616311061833643], "ts": ["2018-04", "2018-05", "2018-06", "2018-07", "2018-08", "2018-09", "2018-10", "2018-11", "2018-12", "2019-01", "2019-02"], "site": [63, 60, 86, 78, 61, 55]}, "presence_by_category": [["E-Commerce", 55.55555555555556], ["Business", 40.74074074074074], ["Entertainment", 3.7037037037037037]]}