{"id": "fortlachanhecksof.info", "name": "fortlachanhecksof.info", "category": "unknown", "website_url": null, "ghostery_id": null, "company_id": null, "company_name": null, "iab_vendor": null, "truste_type": null, "description": null, "truste_privacy_url": null, "privacy_url": null, "date_range": ["2019-02", "2019-02"], "overview": {"reach": 5.050971429851621e-05, "site_reach_top10k": 36, "site_avg_frequency": 0.029794258633107515, "cookies": 0.9898412496218334, "bad_qs": 0.0, "tracked": 0.9898412496218334, "https": 0.9897934812031273, "requests": 4.381892584749136, "requests_tracking": 3.9850962533636927, "content_length": 7.5675365826473255, "requests_failed": 0.395235896374377, "has_blocking": 0.0, "script": 0.12088594493893604, "iframe": 0.0, "beacon": 0.0, "image": 0.0, "stylesheet": 0.0, "font": 0.0, "xhr": 0.974412050379759, "plugin": 0.0, "media": 0.0, "referer_leaked": 0.9620241071286404, "referer_leaked_header": 0.9620241071286404, "referer_leaked_url": 0.0, "hosts": 1.0, "reach_rank": 1077, "site_reach_rank": 640}, "reach_time_series": {"page": [5.050971429851621e-05], "ts": ["2019-02"], "site": [36]}, "presence_by_category": [["Adult", 66.66666666666667], ["Entertainment", 22.22222222222222], ["Business", 11.11111111111111]]}