{"id": "generaltracking_de", "name": "generaltracking.de", "category": "unknown", "website_url": null, "ghostery_id": null, "company_id": null, "company_name": null, "iab_vendor": null, "truste_type": null, "description": null, "truste_privacy_url": null, "privacy_url": null, "date_range": ["2017-05", "2019-02"], "overview": {"reach": 0.00016020385235885126, "site_reach_top10k": 1, "site_avg_frequency": 0.9324562657895992, "cookies": 0.803273174527473, "bad_qs": 0.0, "tracked": 0.803273174527473, "https": 0.9992770902884108, "requests": 2.7093451140841887, "requests_tracking": 1.7470970656893998, "content_length": 101.87389743718467, "requests_failed": 0.9307261728457039, "has_blocking": 0.0, "script": 0.0, "iframe": 0.00013052536459248474, "beacon": 0.0, "image": 0.9998242927784332, "stylesheet": 0.0, "font": 0.0, "xhr": 0.0, "plugin": 0.0, "media": 0.0, "referer_leaked": 0.7430206581490499, "referer_leaked_header": 0.7420216370892844, "referer_leaked_url": 0.0, "hosts": 1.0, "reach_rank": 972, "site_reach_rank": 1120}, "reach_time_series": {"page": [0.0012678959383747648, 0.0015054613480397791, 0.0015181101860240428, 0.0013890904989374358, 0.0014559694092813574, 0.0016963717092982017, 0.002499916287463983, 0.0015598896061675871, 0.0015699141030904508, 0.0006587345195791354, 0.0003621690484411645, 0.00031901271513136697, 0.0003965857242715112, 0.0003325577492656151, 0.00042090562683031195, 0.0002891892229379671, 0.000183383840255749, 0.00024678636378510206, 0.00043256558802666733, 0.0004134066875043965, 0.00024864923166948344, 0.00016020385235885126], "ts": ["2017-05", "2017-06", "2017-07", "2017-08", "2017-09", "2017-10", "2017-11", "2017-12", "2018-01", "2018-02", "2018-03", "2018-04", "2018-05", "2018-06", "2018-07", "2018-08", "2018-09", "2018-10", "2018-11", "2018-12", "2019-01", "2019-02"], "site": [1, 2, 2, 3, 2, 1]}, "presence_by_category": [["Reference", 100.0]]}