{"id": "globalsign", "name": "GlobalSign", "category": "misc", "website_url": null, "ghostery_id": "c_2400", "company_id": null, "company_name": null, "iab_vendor": null, "truste_type": null, "description": null, "truste_privacy_url": null, "privacy_url": null, "date_range": ["2017-07", "2019-02"], "overview": {"reach": 0.0002264198897714818, "site_reach_top10k": 20, "site_avg_frequency": 0.11560270350788326, "cookies": 0.6638404131752905, "bad_qs": 0.000497288004347718, "tracked": 0.6638759337470296, "https": 0.9363648957293617, "requests": 4.4684524042098985, "requests_tracking": 2.0111818759834756, "content_length": 7509.7498996543845, "requests_failed": 1.0269885304073854, "has_blocking": 0.0, "script": 0.9789789256447872, "iframe": 3.5520571739122712e-06, "beacon": 0.0, "image": 0.9395404348428392, "stylesheet": 0.0005008400615216302, "font": 3.5520571739122712e-06, "xhr": 0.0026107620228255192, "plugin": 0.0, "media": 0.0, "referer_leaked": 0.9685074610960938, "referer_leaked_header": 0.8690143396548111, "referer_leaked_url": 0.0, "hosts": 1.0, "reach_rank": 907, "site_reach_rank": 790}, "reach_time_series": {"page": [0.0010743427349500089, 0.0012168164905617938, 0.0011352973338934484, 0.0012057134318309458, 0.0012606607079876833, 0.0007531133577397659, 0.0004996602508986747, 0.00030664116560287995, 0.00022270554672892804, 0.00018847473147173453, 0.0001928485486193777, 0.00016045965283749218, 0.0001720384945678493, 0.0001722538636989332, 0.0002251551850441806, 0.0002291898757897954, 0.00023681608495879504, 0.00023750363902508474, 0.00022829578937827455, 0.0002264198897714818], "ts": ["2017-07", "2017-08", "2017-09", "2017-10", "2017-11", "2017-12", "2018-01", "2018-02", "2018-03", "2018-04", "2018-05", "2018-06", "2018-07", "2018-08", "2018-09", "2018-10", "2018-11", "2018-12", "2019-01", "2019-02"], "site": [24, 27, 27, 26, 25, 20]}, "presence_by_category": [["E-Commerce", 40.0], ["Business", 20.0], ["Recreation", 20.0], ["Government", 10.0], ["Reference", 10.0]]}