{"id": "healte.de", "name": "healte.de", "category": "unknown", "website_url": null, "ghostery_id": null, "company_id": null, "company_name": null, "iab_vendor": null, "truste_type": null, "description": null, "truste_privacy_url": null, "privacy_url": null, "date_range": ["2018-11", "2019-02"], "overview": {"reach": 0.0002766907399210456, "site_reach_top10k": 58, "site_avg_frequency": 0.10687429109550552, "cookies": 0.6462141713149611, "bad_qs": 0.0001540549889109475, "tracked": 0.6462141713149611, "https": 0.9978257899678229, "requests": 1.200248232001, "requests_tracking": 0.6578467763266896, "content_length": 66.1082948438086, "requests_failed": 0.481849124938596, "has_blocking": 0.0, "script": 0.0, "iframe": 0.0, "beacon": 0.0, "image": 0.9978257899678229, "stylesheet": 0.0, "font": 0.0, "xhr": 5.813395807960283e-06, "plugin": 0.0, "media": 0.0, "referer_leaked": 0.6903000584246278, "referer_leaked_header": 0.6903000584246278, "referer_leaked_url": 0.0, "hosts": 1.0, "reach_rank": 865, "site_reach_rank": 488}, "reach_time_series": {"page": [0.00023340169544713697, 0.0002615772550840636, 0.00041189493244878957, 0.0002766907399210456], "ts": ["2018-11", "2018-12", "2019-01", "2019-02"], "site": [68, 64, 63, 58]}, "presence_by_category": [["News and Portals", 68.88888888888889], ["Entertainment", 17.77777777777778], ["Reference", 13.333333333333334]]}