{"id": "heroku", "name": "Heroku", "category": "hosting", "website_url": null, "ghostery_id": "c_3374", "company_id": null, "company_name": null, "iab_vendor": null, "truste_type": null, "description": null, "truste_privacy_url": null, "privacy_url": null, "date_range": ["2018-03", "2019-02"], "overview": {"reach": 0.0020298836229256058, "site_reach_top10k": 191, "site_avg_frequency": 0.11221800542748955, "cookies": 0.10275182394412515, "bad_qs": 1.188624389146116e-06, "tracked": 0.10275182394412515, "https": 0.9933872863150505, "requests": 7.520079431805845, "requests_tracking": 0.8382698224908337, "content_length": 212490.89109110172, "requests_failed": 1.490777859572745, "has_blocking": 0.0, "script": 0.337139044488626, "iframe": 0.06022522054925541, "beacon": 0.0027433450901492356, "image": 0.0557892743289621, "stylesheet": 0.06556214405652147, "font": 0.011780456320827156, "xhr": 0.6598160960345113, "plugin": 0.00015452117058899507, "media": 0.00011490035761745788, "referer_leaked": 0.8189645813704522, "referer_leaked_header": 0.7888594990502891, "referer_leaked_url": 0.0, "hosts": 1.067383512828823, "reach_rank": 314, "site_reach_rank": 206}, "reach_time_series": {"page": [0.0018931583942036194, 0.002337651906813529, 0.0023471709312741194, 0.0018940309704474747, 0.001730471133611926, 0.0015350189628351143, 0.0019130397177073062, 0.0019402468372759565, 0.0018578083411281985, 0.0014014776828305759, 0.002054052079183827, 0.0020298836229256058], "ts": ["2018-03", "2018-04", "2018-05", "2018-06", "2018-07", "2018-08", "2018-09", "2018-10", "2018-11", "2018-12", "2019-01", "2019-02"], "site": [160, 201, 194, 159, 208, 191]}, "presence_by_category": [["Business", 39.02439024390244], ["Entertainment", 14.634146341463415], ["News and Portals", 14.634146341463415], ["Reference", 12.195121951219512], ["E-Commerce", 9.75609756097561], ["Adult", 7.317073170731708], ["Recreation", 2.4390243902439024]]}