{"id": "hola_player", "name": "Hola Player", "category": "audio_video_player", "website_url": null, "ghostery_id": "2937", "company_id": "hola_cdn", "company_name": "Hola CDN", "iab_vendor": null, "truste_type": null, "description": null, "truste_privacy_url": null, "privacy_url": null, "date_range": ["2017-06", "2019-02"], "overview": {"reach": 0.0023223603073437497, "site_reach_top10k": 64, "site_avg_frequency": 0.438842207051408, "cookies": 0.0007816214714915949, "bad_qs": 0.06519353356279828, "tracked": 0.06586883789129123, "https": 0.8954244495490525, "requests": 10.145156145944693, "requests_tracking": 0.37066554185207234, "content_length": 104561278.54799907, "requests_failed": 2.689726751090097, "has_blocking": 0.0, "script": 0.832720884253877, "iframe": 3.4630991204767163e-07, "beacon": 0.23501421775343911, "image": 0.03295831432957691, "stylesheet": 0.3313126149965352, "font": 0.0, "xhr": 0.4307174121506988, "plugin": 1.8700735250574268e-05, "media": 0.04337046814520221, "referer_leaked": 0.9121539887802514, "referer_leaked_header": 0.9031239578236084, "referer_leaked_url": 0.0, "hosts": 1.0, "reach_rank": 270, "site_reach_rank": 458}, "reach_time_series": {"page": [0.0011852242472975864, 0.001172993208035827, 0.000990920227483101, 0.0007290376138680519, 0.0007188300314983828, 0.0010730945428871009, 0.0012583285990088097, 0.0012589597799328098, 0.0011215061874077386, 0.0009992738923205713, 0.001043623709096288, 0.001357343139317688, 0.0010709420738934175, 0.0012881364061497606, 0.0016997816676193223, 0.0016052519625444626, 0.0017964136950747748, 0.0017955499100891074, 0.0017988920581877537, 0.0021401861644713078, 0.0023223603073437497], "ts": ["2017-06", "2017-07", "2017-08", "2017-09", "2017-10", "2017-11", "2017-12", "2018-01", "2018-02", "2018-03", "2018-04", "2018-05", "2018-06", "2018-07", "2018-08", "2018-09", "2018-10", "2018-11", "2018-12", "2019-01", "2019-02"], "site": [56, 64, 64, 73, 63, 64]}, "presence_by_category": [["News and Portals", 58.62068965517241], ["Entertainment", 24.137931034482758], ["Business", 10.344827586206897], ["Adult", 6.896551724137931]]}