{"id": "homeaway", "name": "HomeAway", "category": "misc", "website_url": null, "ghostery_id": "c_2665", "company_id": null, "company_name": null, "iab_vendor": null, "truste_type": null, "description": null, "truste_privacy_url": null, "privacy_url": null, "date_range": ["2017-07", "2019-02"], "overview": {"reach": 0.00012747383415761222, "site_reach_top10k": 3, "site_avg_frequency": 0.9994208693969013, "cookies": 0.4495927419100436, "bad_qs": 0.0, "tracked": 0.4495927419100436, "https": 0.9640313188095824, "requests": 62.15726282184745, "requests_tracking": 18.32976864207345, "content_length": 2176453.965551833, "requests_failed": 14.647909450532811, "has_blocking": 0.0, "script": 0.8962327838030524, "iframe": 0.02400646060858428, "beacon": 0.0001640388898352671, "image": 0.9396526161048334, "stylesheet": 0.8912737619795709, "font": 0.11596287673739267, "xhr": 0.014933848163079893, "plugin": 0.005741361144234349, "media": 0.0, "referer_leaked": 0.9418545227414684, "referer_leaked_header": 0.9410280191042215, "referer_leaked_url": 0.0, "hosts": 1.0, "reach_rank": 1003, "site_reach_rank": 1079}, "reach_time_series": {"page": [0.0006443684053633861, 0.0005488607888797127, 0.00041843755387997706, 0.00031505705316476354, 0.00023611228107263854, 0.0002369262446080314, 0.0004811190699685083, 0.0002399868579371852, 0.00019199143720505406, 0.0001870176641879265, 0.00022520271186576951, 0.0001755798794864311, 0.00020041521020201908, 0.0001623663897582908, 0.00010999892072385629, 0.00010879535572062664, 0.00011037291003905691, 0.00012384211209144416, 0.00016734123300661443, 0.00012747383415761222], "ts": ["2017-07", "2017-08", "2017-09", "2017-10", "2017-11", "2017-12", "2018-01", "2018-02", "2018-03", "2018-04", "2018-05", "2018-06", "2018-07", "2018-08", "2018-09", "2018-10", "2018-11", "2018-12", "2019-01", "2019-02"], "site": [4, 4, 4, 4, 4, 3]}, "presence_by_category": [["Business", 50.0], ["Recreation", 50.0]]}