{"id": "ie8eamus.com", "name": "ie8eamus.com", "category": "unknown", "website_url": null, "ghostery_id": null, "company_id": null, "company_name": null, "iab_vendor": null, "truste_type": null, "description": null, "truste_privacy_url": null, "privacy_url": null, "date_range": ["2018-07", "2019-02"], "overview": {"reach": 0.0009761959554360953, "site_reach_top10k": 129, "site_avg_frequency": 0.14395857748566246, "cookies": 1.647735558215733e-06, "bad_qs": 0.07266349038175561, "tracked": 0.07266431424953472, "https": 0.7316011787900184, "requests": 1.5309852552383574, "requests_tracking": 0.09027613576352359, "content_length": 3835.4263515756884, "requests_failed": 0.9481589438674166, "has_blocking": 0.0, "script": 0.9994315312324156, "iframe": 0.0, "beacon": 0.0, "image": 0.2118691335464954, "stylesheet": 0.0, "font": 4.201725673450119e-05, "xhr": 0.00030153560715347915, "plugin": 0.0, "media": 0.0, "referer_leaked": 0.21962832029013327, "referer_leaked_header": 0.21962832029013327, "referer_leaked_url": 0.0, "hosts": 1.0, "reach_rank": 555, "site_reach_rank": 278}, "reach_time_series": {"page": [0.0011359139994999402, 0.0013805930410589083, 0.0016944802834492779, 0.0014822400411318283, 0.0014079589111306696, 0.0011571095799080306, 0.000988173213517804, 0.0009761959554360953], "ts": ["2018-07", "2018-08", "2018-09", "2018-10", "2018-11", "2018-12", "2019-01", "2019-02"], "site": [158, 152, 151, 125, 123, 129]}, "presence_by_category": [["Entertainment", 53.65853658536585], ["Adult", 39.02439024390244], ["News and Portals", 4.878048780487805], ["Business", 2.4390243902439024]]}