{"id": "immobilienscout24_de", "name": "immobilienscout24.de", "category": "misc", "website_url": null, "ghostery_id": null, "company_id": "scout24", "company_name": "Scout 24", "iab_vendor": null, "truste_type": null, "description": null, "truste_privacy_url": null, "privacy_url": null, "date_range": ["2017-05", "2019-02"], "overview": {"reach": 0.00043600991024673975, "site_reach_top10k": 5, "site_avg_frequency": 0.23575733348717592, "cookies": 0.03955523418823599, "bad_qs": 0.0, "tracked": 0.03955523418823599, "https": 0.9872041289142047, "requests": 15.531461204733937, "requests_tracking": 0.2672542277838444, "content_length": 73735.71179315586, "requests_failed": 4.7221006847091465, "has_blocking": 0.0, "script": 0.9306934893604463, "iframe": 0.005710828439040226, "beacon": 0.0, "image": 0.7453313608594281, "stylesheet": 0.2096349939497683, "font": 0.3506109258330136, "xhr": 0.01991227164064575, "plugin": 3.68916565829472e-06, "media": 1.106749697488416e-05, "referer_leaked": 0.9108900481067201, "referer_leaked_header": 0.9108513118673081, "referer_leaked_url": 0.0, "hosts": 1.0145795826815807, "reach_rank": 773, "site_reach_rank": 1040}, "reach_time_series": {"page": [0.004566335836175495, 0.004611370290110918, 0.004809647775990704, 0.004722681192832062, 0.0036692825502643357, 0.0033232175042794986, 0.002920518119065652, 0.002403667283255317, 0.002882081738958222, 0.0015245090112838702, 0.0008921369702095188, 0.0008609713833099516, 0.0009790144071637836, 0.0008231863967428677, 0.0008882776801516408, 0.0007268777670969703, 0.0004364624317804007, 0.0005517337510494284, 0.0007001208101545929, 0.0006826131888867655, 0.000566210405149271, 0.00043600991024673975], "ts": ["2017-05", "2017-06", "2017-07", "2017-08", "2017-09", "2017-10", "2017-11", "2017-12", "2018-01", "2018-02", "2018-03", "2018-04", "2018-05", "2018-06", "2018-07", "2018-08", "2018-09", "2018-10", "2018-11", "2018-12", "2019-01", "2019-02"], "site": [7, 9, 10, 9, 5, 5]}, "presence_by_category": [["E-Commerce", 66.66666666666667], ["Business", 33.333333333333336]]}