{"id": "ladsp.com", "name": "ladsp.com", "category": "advertising", "website_url": null, "ghostery_id": null, "company_id": null, "company_name": null, "iab_vendor": null, "truste_type": null, "description": null, "truste_privacy_url": null, "privacy_url": null, "date_range": ["2019-02", "2019-02"], "overview": {"reach": 0.0006419582577709654, "site_reach_top10k": 57, "site_avg_frequency": 0.17241838663281908, "cookies": 0.7182200974441275, "bad_qs": 0.05685159502431092, "tracked": 0.7185558524732493, "https": 0.9188875984870979, "requests": 3.4508150202768477, "requests_tracking": 1.7760939913630778, "content_length": 3668.869025471028, "requests_failed": 1.6162332545311269, "has_blocking": 0.0, "script": 0.6981261612050098, "iframe": 0.01688797683791426, "beacon": 2.380352818400378e-05, "image": 0.3702901900649085, "stylesheet": 0.0020784238556453825, "font": 0.0, "xhr": 0.0041781456049290846, "plugin": 0.0, "media": 4.1342970003796034e-05, "referer_leaked": 0.7468807981949409, "referer_leaked_header": 0.7423719088299814, "referer_leaked_url": 0.0, "hosts": 1.0, "reach_rank": 682, "site_reach_rank": 494}, "reach_time_series": {"page": [0.0006419582577709654], "ts": ["2019-02"], "site": [57]}, "presence_by_category": [["News and Portals", 42.857142857142854], ["Adult", 14.285714285714286], ["Business", 14.285714285714286], ["E-Commerce", 14.285714285714286], ["Entertainment", 14.285714285714286]]}