{"id": "lenmit.com", "name": "lenmit.com", "category": "unknown", "website_url": null, "ghostery_id": "", "company_id": null, "company_name": null, "iab_vendor": null, "truste_type": null, "description": null, "truste_privacy_url": null, "privacy_url": null, "date_range": ["2018-04", "2019-02"], "overview": {"reach": 0.0002832952934267605, "site_reach_top10k": 18, "site_avg_frequency": 0.310636628463947, "cookies": 0.32787406492640064, "bad_qs": 0.0002242757171854817, "tracked": 0.3278882595920453, "https": 0.9852261919970475, "requests": 1.8991440616616275, "requests_tracking": 0.528634899004954, "content_length": 774.7942028985507, "requests_failed": 0.6782097687688966, "has_blocking": 0.0, "script": 0.9999630938693239, "iframe": 0.0, "beacon": 0.0, "image": 0.0, "stylesheet": 0.0, "font": 0.0, "xhr": 0.0007750287441979304, "plugin": 0.0, "media": 0.0, "referer_leaked": 0.6602393220627688, "referer_leaked_header": 0.6499964513335889, "referer_leaked_url": 0.0, "hosts": 1.0, "reach_rank": 857, "site_reach_rank": 814}, "reach_time_series": {"page": [0.0003571544563030828, 0.0003702321296737235, 0.0004071171699667038, 0.0004897663703963945, 0.0004303525038508662, 0.0003461723048410185, 0.00031270686276723536, 0.0003260501194528264, 0.0002941439809629498, 0.00027863270919787676, 0.0002832952934267605], "ts": ["2018-04", "2018-05", "2018-06", "2018-07", "2018-08", "2018-09", "2018-10", "2018-11", "2018-12", "2019-01", "2019-02"], "site": [21, 20, 22, 17, 18, 18]}, "presence_by_category": [["E-Commerce", 57.142857142857146], ["Business", 42.857142857142854]]}