{"id": "loadercdn.com", "name": "loadercdn.com", "category": "unknown", "website_url": null, "ghostery_id": null, "company_id": null, "company_name": null, "iab_vendor": null, "truste_type": null, "description": null, "truste_privacy_url": null, "privacy_url": null, "date_range": ["2018-04", "2019-02"], "overview": {"reach": 0.0002528397123071291, "site_reach_top10k": 21, "site_avg_frequency": 0.25215990584076403, "cookies": 0.03629400369619915, "bad_qs": 0.0, "tracked": 0.03629400369619915, "https": 0.9999872764228935, "requests": 1.5691605938093436, "requests_tracking": 0.04989868851728975, "content_length": 10.5726627584079, "requests_failed": 1.4231543656183498, "has_blocking": 0.0, "script": 0.2065259226979073, "iframe": 6.997967408557242e-05, "beacon": 0.0, "image": 0.04092856665723001, "stylesheet": 0.0, "font": 0.0, "xhr": 0.9270493706600673, "plugin": 0.0, "media": 0.0, "referer_leaked": 0.020030091259856796, "referer_leaked_header": 0.020030091259856796, "referer_leaked_url": 0.0, "hosts": 1.0, "reach_rank": 887, "site_reach_rank": 777}, "reach_time_series": {"page": [0.0015931520910108736, 0.002072767856046374, 0.0008009050378052493, 0.0007610148638085105, 0.0005964096466624668, 0.0006572762423975342, 0.0005256418889067432, 0.0004308198670140072, 0.0002312862986975697, 0.00023770936405329495, 0.0002528397123071291], "ts": ["2018-04", "2018-05", "2018-06", "2018-07", "2018-08", "2018-09", "2018-10", "2018-11", "2018-12", "2019-01", "2019-02"], "site": [55, 47, 39, 36, 24, 21]}, "presence_by_category": [["News and Portals", 90.9090909090909], ["Entertainment", 9.090909090909092]]}