{"id": "logsss.com", "name": "logsss.com", "category": "unknown", "website_url": null, "ghostery_id": "logsss.com", "company_id": null, "company_name": null, "iab_vendor": null, "truste_type": null, "description": null, "truste_privacy_url": null, "privacy_url": null, "date_range": ["2018-04", "2019-02"], "overview": {"reach": 0.00028267923302912565, "site_reach_top10k": 10, "site_avg_frequency": 0.2715877346320451, "cookies": 0.6211238793782843, "bad_qs": 0.008603643460918006, "tracked": 0.6221338970464807, "https": 0.9999715487980789, "requests": 10.366070234637062, "requests_tracking": 2.079296344874089, "content_length": 33542.33990366423, "requests_failed": 2.5463569658500225, "has_blocking": 0.0, "script": 0.8694943367882576, "iframe": 0.0, "beacon": 0.0, "image": 0.6190184904361284, "stylesheet": 0.03852577252126016, "font": 0.0, "xhr": 0.9130360562081945, "plugin": 0.0, "media": 0.0, "referer_leaked": 0.6785953072587552, "referer_leaked_header": 0.6279123361566409, "referer_leaked_url": 0.0, "hosts": 1.0, "reach_rank": 859, "site_reach_rank": 948}, "reach_time_series": {"page": [0.0004274279025664208, 0.000494043235771253, 0.0004271303666172593, 0.0004310533554094529, 0.0003979139938627537, 0.0004339491421271523, 0.0004266560120557619, 0.0006587725050105925, 0.0004302411891780516, 0.0003539302375920203, 0.00028267923302912565], "ts": ["2018-04", "2018-05", "2018-06", "2018-07", "2018-08", "2018-09", "2018-10", "2018-11", "2018-12", "2019-01", "2019-02"], "site": [20, 16, 14, 11, 10, 10]}, "presence_by_category": [["Entertainment", 66.66666666666667], ["E-Commerce", 33.333333333333336]]}