{"id": "lottex_inc", "name": "vidcpm.com", "category": "unknown", "website_url": null, "ghostery_id": null, "company_id": null, "company_name": null, "iab_vendor": null, "truste_type": null, "description": null, "truste_privacy_url": null, "privacy_url": null, "date_range": ["2018-05", "2019-02"], "overview": {"reach": 0.0008429065432950655, "site_reach_top10k": 105, "site_avg_frequency": 0.10029408359074346, "cookies": 0.09535072996983943, "bad_qs": 0.0020094326930691748, "tracked": 0.09680484935456755, "https": 0.9483329628064122, "requests": 1.1544753768163374, "requests_tracking": 0.1945466706486384, "content_length": 10.043082580432172, "requests_failed": 0.9519797110271674, "has_blocking": 0.0, "script": 0.09065537465996601, "iframe": 0.0, "beacon": 0.0, "image": 0.020496976786567905, "stylesheet": 0.0, "font": 0.0, "xhr": 0.9137146166668416, "plugin": 0.0, "media": 0.0, "referer_leaked": 0.10033996242570777, "referer_leaked_header": 0.07339772550538759, "referer_leaked_url": 0.0, "hosts": 1.0, "reach_rank": 601, "site_reach_rank": 324}, "reach_time_series": {"page": [0.0017998884361808138, 0.0004470127077512535, 0.0001597983840346308, 0.0004193979208752451, 0.0005481299048442907, 0.0008127775253069724, 0.0008282856271764717, 0.0009291455950408512, 0.0007546823706475926, 0.0008429065432950655], "ts": ["2018-05", "2018-06", "2018-07", "2018-08", "2018-09", "2018-10", "2018-11", "2018-12", "2019-01", "2019-02"], "site": [77, 139, 134, 151, 125, 105]}, "presence_by_category": [["Entertainment", 53.333333333333336], ["Adult", 46.666666666666664]]}