{"id": "luckypushh.com", "name": "luckypushh.com", "category": "unknown", "website_url": null, "ghostery_id": null, "company_id": null, "company_name": null, "iab_vendor": null, "truste_type": null, "description": null, "truste_privacy_url": null, "privacy_url": null, "date_range": ["2018-12", "2019-02"], "overview": {"reach": 0.0007249937091467007, "site_reach_top10k": 12, "site_avg_frequency": 0.5166896051713223, "cookies": 0.17689467810606516, "bad_qs": 7.099704252944714e-05, "tracked": 0.1769213019970137, "https": 0.9876087974210325, "requests": 1.6841208458410155, "requests_tracking": 0.33468338647018236, "content_length": 4.141133245918224, "requests_failed": 1.3440805106462284, "has_blocking": 0.0, "script": 0.9999900160408943, "iframe": 0.0, "beacon": 0.0, "image": 0.0, "stylesheet": 0.0, "font": 0.0, "xhr": 9.873026226751242e-05, "plugin": 0.0, "media": 0.0, "referer_leaked": 0.11176265688682406, "referer_leaked_header": 0.11176265688682406, "referer_leaked_url": 0.0, "hosts": 1.0, "reach_rank": 641, "site_reach_rank": 908}, "reach_time_series": {"page": [0.001168383153679187, 0.0010063817284202967, 0.0007249937091467007], "ts": ["2018-12", "2019-01", "2019-02"], "site": [19, 12, 12]}, "presence_by_category": [["Entertainment", 80.0], ["Business", 20.0]]}