{"id": "makesource.cool", "name": "makesource.cool", "category": "unknown", "website_url": null, "ghostery_id": null, "company_id": null, "company_name": null, "iab_vendor": null, "truste_type": null, "description": null, "truste_privacy_url": null, "privacy_url": null, "date_range": ["2019-01", "2019-02"], "overview": {"reach": 0.00028636353156902825, "site_reach_top10k": 35, "site_avg_frequency": 0.022200757621988004, "cookies": 0.8593355052519238, "bad_qs": 0.40452170982418695, "tracked": 0.8890973431444139, "https": 0.8316997135314272, "requests": 19.869305734988487, "requests_tracking": 13.16756445542886, "content_length": 31181.89941021176, "requests_failed": 3.82944728416559, "has_blocking": 0.0, "script": 0.9715469302926473, "iframe": 0.0, "beacon": 0.0, "image": 0.9419648373869572, "stylesheet": 0.0, "font": 0.0, "xhr": 0.005541200921193057, "plugin": 0.0, "media": 0.0, "referer_leaked": 0.9161601977194854, "referer_leaked_header": 0.7307448182890524, "referer_leaked_url": 0.0, "hosts": 1.0, "reach_rank": 855, "site_reach_rank": 650}, "reach_time_series": {"page": [0.0008288520903172791, 0.00028636353156902825], "ts": ["2019-01", "2019-02"], "site": [143, 35]}, "presence_by_category": [["Adult", 50.0], ["News and Portals", 50.0]]}