{"id": "mobtrks.com", "name": "mobtrks.com", "category": "unknown", "website_url": null, "ghostery_id": "", "company_id": null, "company_name": null, "iab_vendor": null, "truste_type": null, "description": null, "truste_privacy_url": null, "privacy_url": null, "date_range": ["2017-09", "2019-02"], "overview": {"reach": 0.00010004949538613468, "site_reach_top10k": 15, "site_avg_frequency": 0.16969726444577046, "cookies": 0.07785369774919614, "bad_qs": 0.0, "tracked": 0.07785369774919614, "https": 0.9242926045016077, "requests": 1.4294855305466239, "requests_tracking": 0.08100482315112541, "content_length": 8.090546623794213, "requests_failed": 1.3483922829581994, "has_blocking": 0.0, "script": 0.9997829581993569, "iframe": 0.0, "beacon": 0.0, "image": 0.0, "stylesheet": 0.0, "font": 0.0, "xhr": 5.627009646302251e-05, "plugin": 0.0, "media": 0.0, "referer_leaked": 0.04956591639871383, "referer_leaked_header": 0.04956591639871383, "referer_leaked_url": 0.0, "hosts": 1.0, "reach_rank": 1024, "site_reach_rank": 864}, "reach_time_series": {"page": [0.0010655931106239324, 0.0007138810286997217, 0.0005379901798278832, 0.0004899666304900377, 0.0004493386701677324, 0.00033384629457434983, 0.00019069043570677996, 0.0003120645270777954, 0.0008419149840186289, 0.0017418613994533087, 0.001087005381068715, 0.0009105542440500241, 0.0009469949879721437, 0.001009735541080329, 0.00038866010258550144, 0.0002959305374216033, 0.00011853921535508454, 0.00010004949538613468], "ts": ["2017-09", "2017-10", "2017-11", "2017-12", "2018-01", "2018-02", "2018-03", "2018-04", "2018-05", "2018-06", "2018-07", "2018-08", "2018-09", "2018-10", "2018-11", "2018-12", "2019-01", "2019-02"], "site": [149, 171, 25, 20, 18, 15]}, "presence_by_category": [["Adult", 50.0], ["Entertainment", 50.0]]}