{"id": "modulepush.com", "name": "modulepush.com", "category": "advertising", "website_url": null, "ghostery_id": null, "company_id": null, "company_name": null, "iab_vendor": null, "truste_type": null, "description": null, "truste_privacy_url": null, "privacy_url": null, "date_range": ["2018-06", "2019-02"], "overview": {"reach": 0.00023693795488932644, "site_reach_top10k": 14, "site_avg_frequency": 0.4931759339809565, "cookies": 4.073250623716502e-05, "bad_qs": 0.0, "tracked": 4.073250623716502e-05, "https": 0.8890480473854823, "requests": 1.1077850002545782, "requests_tracking": 4.073250623716502e-05, "content_length": 16.85500924967329, "requests_failed": 1.0667537889716738, "has_blocking": 0.0, "script": 0.9999864224979209, "iframe": 0.0, "beacon": 0.0, "image": 0.0, "stylesheet": 0.0, "font": 0.0, "xhr": 0.0001255918942312588, "plugin": 0.0, "media": 0.0, "referer_leaked": 0.03862459903939173, "referer_leaked_header": 0.03862459903939173, "referer_leaked_url": 0.0, "hosts": 1.0, "reach_rank": 901, "site_reach_rank": 883}, "reach_time_series": {"page": [0.0011677905509154516, 0.0006404178710899802, 0.0005264003403751537, 0.0004913468195671541, 0.0004854578180281296, 0.0002631752683044374, 0.000222025310191794, 0.00020049536581488793, 0.00023693795488932644], "ts": ["2018-06", "2018-07", "2018-08", "2018-09", "2018-10", "2018-11", "2018-12", "2019-01", "2019-02"], "site": [46, 47, 20, 17, 12, 14]}, "presence_by_category": [["Entertainment", 75.0], ["Adult", 25.0]]}