{"id": "mov.ad_", "name": "Mov.ad ", "category": "misc", "website_url": null, "ghostery_id": "c_3421", "company_id": null, "company_name": null, "iab_vendor": null, "truste_type": null, "description": null, "truste_privacy_url": null, "privacy_url": null, "date_range": ["2017-05", "2019-02"], "overview": {"reach": 7.427629499108587e-05, "site_reach_top10k": 30, "site_avg_frequency": 0.06490081546119555, "cookies": 0.1002988500768781, "bad_qs": 0.0010394785282716503, "tracked": 0.101089286874418, "https": 0.88297204235875, "requests": 8.993243389566235, "requests_tracking": 1.226617147064556, "content_length": 93847.7479264569, "requests_failed": 1.5828117894189748, "has_blocking": 0.0, "script": 0.8832860514974987, "iframe": 0.042196331507027306, "beacon": 0.0, "image": 0.4455897957857808, "stylesheet": 0.0003248370400848907, "font": 2.1655802672326048e-05, "xhr": 0.2997596205903372, "plugin": 7.579530935314117e-05, "media": 0.012018970483140958, "referer_leaked": 0.4617558524806722, "referer_leaked_header": 0.4556272603244039, "referer_leaked_url": 0.0, "hosts": 1.066158477163956, "reach_rank": 1046, "site_reach_rank": 692}, "reach_time_series": {"page": [0.0016735129010359145, 0.001240379070796499, 0.0011423350681034994, 0.0015353330117639382, 0.0023964540498496527, 0.002417474242081684, 0.00126358229934439, 0.0008999735173125319, 0.0005249569890092628, 0.00024456168542961337, 0.00015238531320356928, 0.0001781902404624817, 0.00032696784161168795, 0.00019029471061347413, 0.0001898172632148026, 0.00017813232399688616, 8.599582765672474e-05, 0.0001574197335011142, 0.00020520047544675662, 0.00023079708566383096, 0.00010522074133420709, 7.427629499108587e-05], "ts": ["2017-05", "2017-06", "2017-07", "2017-08", "2017-09", "2017-10", "2017-11", "2017-12", "2018-01", "2018-02", "2018-03", "2018-04", "2018-05", "2018-06", "2018-07", "2018-08", "2018-09", "2018-10", "2018-11", "2018-12", "2019-01", "2019-02"], "site": [21, 54, 58, 72, 27, 30]}, "presence_by_category": [["News and Portals", 64.28571428571429], ["Entertainment", 21.428571428571427], ["Business", 7.142857142857143], ["E-Commerce", 7.142857142857143]]}