{"id": "netflix", "name": "Netflix", "category": "misc", "website_url": null, "ghostery_id": "c_2098", "company_id": null, "company_name": null, "iab_vendor": null, "truste_type": null, "description": null, "truste_privacy_url": null, "privacy_url": null, "date_range": ["2017-05", "2019-02"], "overview": {"reach": 0.0017449942933263748, "site_reach_top10k": 12, "site_avg_frequency": 0.19104665028065423, "cookies": 0.021333834785378064, "bad_qs": 3.733236730071775e-05, "tracked": 0.0213628710710564, "https": 0.9883103601006407, "requests": 995.8125869072162, "requests_tracking": 0.08856205399919528, "content_length": 1505971483.9151795, "requests_failed": 211.8327081314044, "has_blocking": 0.0, "script": 0.9160814472422212, "iframe": 0.5756231624755324, "beacon": 4.6089342346565125e-07, "image": 0.8394980133188982, "stylesheet": 0.8581075070781707, "font": 0.6317032915625623, "xhr": 0.6184927033657664, "plugin": 0.001973084745856453, "media": 0.017303321797170944, "referer_leaked": 0.9497921140213458, "referer_leaked_header": 0.9459957348922593, "referer_leaked_url": 0.0, "hosts": 2.7445382977085764, "reach_rank": 357, "site_reach_rank": 908}, "reach_time_series": {"page": [0.0015872864249362989, 0.002589937373762494, 0.002165276754952681, 0.002658068460404126, 0.0030099818080139354, 0.0022566821511537565, 0.001976844110849326, 0.0019135988256482243, 0.0017916762479325877, 0.0015199806287406036, 0.0015872466351263845, 0.001747674516217455, 0.0022285837864183663, 0.0017411840297205208, 0.00183419627246236, 0.002017197128038907, 0.0018829037794405206, 0.0018041080911057239, 0.0017657859687960147, 0.0020538618410313207, 0.0019327136351953028, 0.0017449942933263748], "ts": ["2017-05", "2017-06", "2017-07", "2017-08", "2017-09", "2017-10", "2017-11", "2017-12", "2018-01", "2018-02", "2018-03", "2018-04", "2018-05", "2018-06", "2018-07", "2018-08", "2018-09", "2018-10", "2018-11", "2018-12", "2019-01", "2019-02"], "site": [11, 10, 13, 9, 13, 12]}, "presence_by_category": [["Business", 50.0], ["Entertainment", 50.0]]}