{"id": "newscgp.com", "name": "News Connect", "category": "advertising", "website_url": null, "ghostery_id": null, "company_id": "news_corp", "company_name": "News Corp", "iab_vendor": null, "truste_type": null, "description": null, "truste_privacy_url": null, "privacy_url": null, "date_range": ["2019-02", "2019-02"], "overview": {"reach": 0.000769900169149757, "site_reach_top10k": 15, "site_avg_frequency": 0.6179390230632567, "cookies": 0.7028670757415265, "bad_qs": 0.03788016488349306, "tracked": 0.7029913860283594, "https": 0.9774100003969572, "requests": 3.6904026190819423, "requests_tracking": 2.0069436174502395, "content_length": 9029.586836480787, "requests_failed": 1.148914322007517, "has_blocking": 0.0, "script": 0.9827448964881822, "iframe": 0.16108315000177587, "beacon": 0.0, "image": 0.6865040813469803, "stylesheet": 3.342797629120781e-05, "font": 0.0, "xhr": 0.6774430105235448, "plugin": 0.0, "media": 0.0, "referer_leaked": 0.7239131206896191, "referer_leaked_header": 0.6516387020752505, "referer_leaked_url": 0.0, "hosts": 1.0, "reach_rank": 626, "site_reach_rank": 864}, "reach_time_series": {"page": [0.000769900169149757], "ts": ["2019-02"], "site": [15]}, "presence_by_category": [["News and Portals", 57.142857142857146], ["Business", 28.571428571428573], ["Reference", 14.285714285714286]]}