{"id": "noop.style", "name": "noop.style", "category": "unknown", "website_url": null, "ghostery_id": null, "company_id": null, "company_name": null, "iab_vendor": null, "truste_type": null, "description": null, "truste_privacy_url": null, "privacy_url": null, "date_range": ["2018-09", "2019-02"], "overview": {"reach": 0.0008128973244739816, "site_reach_top10k": 143, "site_avg_frequency": 0.022477553557355763, "cookies": 0.717752467489295, "bad_qs": 0.0, "tracked": 0.717752467489295, "https": 0.8493565136176915, "requests": 1.057491313329587, "requests_tracking": 0.7371411554261019, "content_length": 18.95996018774289, "requests_failed": 0.3668446213878094, "has_blocking": 0.0, "script": 0.0, "iframe": 0.0, "beacon": 0.0, "image": 0.0, "stylesheet": 0.0, "font": 0.0, "xhr": 0.0, "plugin": 0.9999901062979349, "media": 0.0, "referer_leaked": 0.6745753623073696, "referer_leaked_header": 0.6745753623073696, "referer_leaked_url": 0.0, "hosts": 1.0, "reach_rank": 612, "site_reach_rank": 257}, "reach_time_series": {"page": [0.0010427275246601313, 0.0013030662425998164, 0.0013252117351305781, 0.0009318548444365562, 0.0007275989726963744, 0.0008128973244739816], "ts": ["2018-09", "2018-10", "2018-11", "2018-12", "2019-01", "2019-02"], "site": [170, 286, 277, 160, 121, 143]}, "presence_by_category": [["Adult", 38.888888888888886], ["Entertainment", 27.77777777777778], ["News and Portals", 16.666666666666668], ["Reference", 16.666666666666668]]}