{"id": "o12zs3u2n.com", "name": "o12zs3u2n.com", "category": "unknown", "website_url": null, "ghostery_id": null, "company_id": null, "company_name": null, "iab_vendor": null, "truste_type": null, "description": null, "truste_privacy_url": null, "privacy_url": null, "date_range": ["2018-09", "2019-02"], "overview": {"reach": 1.7708117278230815e-05, "site_reach_top10k": 2, "site_avg_frequency": 0.2519564075877715, "cookies": 0.00399672994822418, "bad_qs": 0.0, "tracked": 0.00399672994822418, "https": 0.8887728222363521, "requests": 1.9854664365519121, "requests_tracking": 0.0044509038059769275, "content_length": 0.36656372059224274, "requests_failed": 1.9799709328731039, "has_blocking": 0.0, "script": 0.9989554001271687, "iframe": 0.0001816695431010991, "beacon": 0.0, "image": 9.083477155054956e-05, "stylesheet": 0.9800617676446544, "font": 0.0, "xhr": 0.0004541738577527477, "plugin": 0.0, "media": 0.0, "referer_leaked": 0.0049504950495049506, "referer_leaked_header": 0.0049504950495049506, "referer_leaked_url": 0.0, "hosts": 1.0, "reach_rank": 1118, "site_reach_rank": 1100}, "reach_time_series": {"page": [0.0005046481631430346, 0.00012757328643766657, 5.138198715745529e-05, 5.9331013623428074e-05, 5.5750893652818805e-05, 1.7708117278230815e-05], "ts": ["2018-09", "2018-10", "2018-11", "2018-12", "2019-01", "2019-02"], "site": [62, 32, 6, 10, 8, 2]}, "presence_by_category": []}