{"id": "oclasrv.com", "name": "oclasrv.com", "category": "unknown", "website_url": null, "ghostery_id": "oclasrv.com", "company_id": null, "company_name": null, "iab_vendor": null, "truste_type": null, "description": null, "truste_privacy_url": null, "privacy_url": null, "date_range": ["2017-08", "2019-02"], "overview": {"reach": 0.0004062315130106704, "site_reach_top10k": 43, "site_avg_frequency": 0.2490294228273897, "cookies": 0.0790097841624068, "bad_qs": 0.0024113941342540713, "tracked": 0.08009273374486738, "https": 0.6128088980047595, "requests": 1.4647694921025851, "requests_tracking": 0.09557277539982023, "content_length": 103.30247751939213, "requests_failed": 1.2941029732608462, "has_blocking": 0.0, "script": 0.9996396767385597, "iframe": 0.00025539396003183514, "beacon": 0.0, "image": 8.117172373104838e-05, "stylesheet": 0.0, "font": 0.0, "xhr": 0.00031874750050484853, "plugin": 0.0, "media": 0.0, "referer_leaked": 0.08093018835799502, "referer_leaked_header": 0.08090247118403808, "referer_leaked_url": 0.0, "hosts": 1.0, "reach_rank": 792, "site_reach_rank": 585}, "reach_time_series": {"page": [0.0011673796276399728, 0.0010460204259166374, 0.0009426840330878207, 0.001256797052479222, 0.0012966919653593313, 0.0010433361986586411, 0.0015748901698870318, 0.002154348226777681, 0.0030438897807228663, 0.003695369451195838, 0.0033639001984475223, 0.0028012135893069204, 0.0032680922927787854, 0.003414158845576025, 0.003153408292419809, 0.001661269049795288, 0.001071679979820148, 0.0007077460954551698, 0.0004062315130106704], "ts": ["2017-08", "2017-09", "2017-10", "2017-11", "2017-12", "2018-01", "2018-02", "2018-03", "2018-04", "2018-05", "2018-06", "2018-07", "2018-08", "2018-09", "2018-10", "2018-11", "2018-12", "2019-01", "2019-02"], "site": [207, 212, 112, 66, 60, 43]}, "presence_by_category": [["Entertainment", 72.72727272727273], ["Business", 27.272727272727273]]}