{"id": "oghub.io", "name": "OG Hub", "category": "unknown", "website_url": null, "ghostery_id": null, "company_id": null, "company_name": null, "iab_vendor": null, "truste_type": null, "description": null, "truste_privacy_url": null, "privacy_url": null, "date_range": ["2018-11", "2019-02"], "overview": {"reach": 0.0001041584413019527, "site_reach_top10k": 10, "site_avg_frequency": 0.3970909692612272, "cookies": 0.39133187654912016, "bad_qs": 0.0, "tracked": 0.39133187654912016, "https": 0.9998378491070119, "requests": 2.29607208765414, "requests_tracking": 0.4295531584677513, "content_length": 36.046174397146146, "requests_failed": 0.34203028360963333, "has_blocking": 0.0, "script": 0.9236192079314951, "iframe": 0.0, "beacon": 0.0, "image": 0.0, "stylesheet": 0.0, "font": 0.0, "xhr": 0.5555057949640565, "plugin": 0.0, "media": 0.0, "referer_leaked": 0.8190627678385286, "referer_leaked_header": 0.8190627678385286, "referer_leaked_url": 0.0, "hosts": 1.0, "reach_rank": 1022, "site_reach_rank": 948}, "reach_time_series": {"page": [0.0011382847448770325, 0.0011006302447913961, 0.00026429342684406663, 0.0001041584413019527], "ts": ["2018-11", "2018-12", "2019-01", "2019-02"], "site": [9, 8, 9, 10]}, "presence_by_category": [["E-Commerce", 70.0], ["Business", 30.0]]}