{"id": "otto.de", "name": "Otto Group", "category": "misc", "website_url": null, "ghostery_id": null, "company_id": null, "company_name": null, "iab_vendor": null, "truste_type": null, "description": null, "truste_privacy_url": null, "privacy_url": null, "date_range": ["2017-05", "2019-02"], "overview": {"reach": 0.0004453376759017911, "site_reach_top10k": 27, "site_avg_frequency": 0.2344001507845924, "cookies": 0.1750288048601655, "bad_qs": 0.05932537030950326, "tracked": 0.17518411633190423, "https": 0.9905314180659749, "requests": 2.0249437447401784, "requests_tracking": 0.8465016993964524, "content_length": 15419.711259720512, "requests_failed": 0.3739864120521702, "has_blocking": 0.0, "script": 0.8157735053076792, "iframe": 0.00019684826069211127, "beacon": 2.8895157532786973e-05, "image": 0.17823977924099646, "stylesheet": 0.002941888226306874, "font": 0.002503043021277672, "xhr": 0.00045509873114139485, "plugin": 0.0, "media": 0.00525711272362143, "referer_leaked": 0.6527506384023868, "referer_leaked_header": 0.6527488324550409, "referer_leaked_url": 0.0, "hosts": 1.0008325417264134, "reach_rank": 769, "site_reach_rank": 722}, "reach_time_series": {"page": [0.002904009917778947, 0.003504835475029827, 0.004460181478547803, 0.006038420649140806, 0.005148056830718413, 0.004557337202174188, 0.0036801080220840825, 0.002782604170986364, 0.0028395405522555054, 0.0018323345230903734, 0.0004554221897327112, 0.0002710731492866401, 0.0003656504146957253, 0.0003623543201249614, 0.0003200826152722207, 0.0003242166089808651, 0.00019567306822725164, 0.00018612728980526392, 0.00055907618389586, 0.0014682181065156293, 0.0006380162770889616, 0.0004453376759017911], "ts": ["2017-05", "2017-06", "2017-07", "2017-08", "2017-09", "2017-10", "2017-11", "2017-12", "2018-01", "2018-02", "2018-03", "2018-04", "2018-05", "2018-06", "2018-07", "2018-08", "2018-09", "2018-10", "2018-11", "2018-12", "2019-01", "2019-02"], "site": [21, 33, 82, 122, 31, 27]}, "presence_by_category": [["E-Commerce", 46.15384615384615], ["Business", 30.76923076923077], ["News and Portals", 15.384615384615385], ["Entertainment", 7.6923076923076925]]}