{"id": "perfdrive.com", "name": "perfdrive.com", "category": "unknown", "website_url": null, "ghostery_id": null, "company_id": null, "company_name": null, "iab_vendor": null, "truste_type": null, "description": null, "truste_privacy_url": null, "privacy_url": null, "date_range": ["2018-02", "2019-02"], "overview": {"reach": 0.0005834188476369574, "site_reach_top10k": 30, "site_avg_frequency": 0.3800795098520714, "cookies": 0.019036026324278275, "bad_qs": 0.0068967513723198065, "tracked": 0.02547510800728963, "https": 0.9997008604741568, "requests": 3.5446903423424416, "requests_tracking": 0.027355413598303867, "content_length": 7872.325569950401, "requests_failed": 0.8898105082063483, "has_blocking": 0.0, "script": 0.9960794801313457, "iframe": 1.3785231605676207e-06, "beacon": 0.0, "image": 4.549126429873148e-05, "stylesheet": 4.9626833780434346e-05, "font": 0.0, "xhr": 0.6114549760550527, "plugin": 0.0, "media": 0.0, "referer_leaked": 0.748924062673177, "referer_leaked_header": 0.7158395068195541, "referer_leaked_url": 0.0, "hosts": 1.0, "reach_rank": 707, "site_reach_rank": 692}, "reach_time_series": {"page": [0.0006694400803609089, 0.0008971370056287334, 0.0008873862248131921, 0.0010596767757823004, 0.0008474562463733297, 0.0006326961395442821, 0.000614398056109251, 0.0006732007176302389, 0.0006313960308415523, 0.0005514672481717136, 0.000514871947729829, 0.000615140331314807, 0.0005834188476369574], "ts": ["2018-02", "2018-03", "2018-04", "2018-05", "2018-06", "2018-07", "2018-08", "2018-09", "2018-10", "2018-11", "2018-12", "2019-01", "2019-02"], "site": [25, 25, 23, 19, 33, 30]}, "presence_by_category": [["Entertainment", 50.0], ["E-Commerce", 16.666666666666668], ["News and Portals", 16.666666666666668], ["Business", 8.333333333333334], ["Reference", 8.333333333333334]]}