{"id": "pmddby.com", "name": "pmddby.com", "category": "extensions", "website_url": null, "ghostery_id": null, "company_id": null, "company_name": null, "iab_vendor": null, "truste_type": null, "description": null, "truste_privacy_url": null, "privacy_url": null, "date_range": ["2017-11", "2019-02"], "overview": {"reach": 9.209057411329554e-05, "site_reach_top10k": 11, "site_avg_frequency": 0.05325746456255956, "cookies": 0.7533011947180884, "bad_qs": 0.4251641864039684, "tracked": 0.8296566058827639, "https": 0.7521833298400056, "requests": 3.096625445399287, "requests_tracking": 2.9560626702997275, "content_length": 2187.7932823307483, "requests_failed": 0.8878117795011528, "has_blocking": 0.0, "script": 0.8808163906937749, "iframe": 0.0, "beacon": 0.0865646614965416, "image": 0.007178788513938377, "stylesheet": 0.0, "font": 0.0, "xhr": 0.00013099979040033535, "plugin": 0.0, "media": 0.0, "referer_leaked": 0.664448403549221, "referer_leaked_header": 0.6547020191434361, "referer_leaked_url": 0.0, "hosts": 1.0, "reach_rank": 1030, "site_reach_rank": 932}, "reach_time_series": {"page": [0.0038322096455730473, 0.005996229800077475, 0.005271509764650715, 0.0022358366301699936, 0.00083753900902771, 0.0007921432774307531, 0.0022391365105934972, 0.0013474218198263992, 0.001162023428186967, 0.00032600582187410006, 0.00015164473179391544, 0.00011776380756802121, 0.00012055106551562861, 0.00012131554351213524, 9.425750581642137e-05, 9.209057411329554e-05], "ts": ["2017-11", "2017-12", "2018-01", "2018-02", "2018-03", "2018-04", "2018-05", "2018-06", "2018-07", "2018-08", "2018-09", "2018-10", "2018-11", "2018-12", "2019-01", "2019-02"], "site": [12, 13, 19, 15, 8, 11]}, "presence_by_category": [["Entertainment", 100.0]]}