{"id": "pub.network", "name": "pub.network", "category": "advertising", "website_url": null, "ghostery_id": null, "company_id": null, "company_name": null, "iab_vendor": null, "truste_type": null, "description": null, "truste_privacy_url": null, "privacy_url": null, "date_range": ["2018-09", "2019-02"], "overview": {"reach": 0.0014524966982419926, "site_reach_top10k": 53, "site_avg_frequency": 0.7474320836043136, "cookies": 0.061490732066010634, "bad_qs": 4.5957612684744065e-05, "tracked": 0.06149460800924911, "https": 0.9801878392834599, "requests": 3.866432227471357, "requests_tracking": 1.8073877692949991, "content_length": 110.89746967351269, "requests_failed": 1.94724675140586, "has_blocking": 0.0, "script": 0.9986611384641962, "iframe": 0.0, "beacon": 0.0, "image": 0.00039091656090878686, "stylesheet": 0.0, "font": 0.0, "xhr": 0.05883349612294935, "plugin": 0.0, "media": 0.0, "referer_leaked": 0.06430577426949544, "referer_leaked_header": 0.06078697151513943, "referer_leaked_url": 0.0, "hosts": 1.0, "reach_rank": 407, "site_reach_rank": 519}, "reach_time_series": {"page": [0.0012198922152848453, 0.001070206885814129, 0.0008951359064516219, 0.0010173959107852907, 0.0013932090519030206, 0.0014524966982419926], "ts": ["2018-09", "2018-10", "2018-11", "2018-12", "2019-01", "2019-02"], "site": [41, 41, 42, 41, 45, 53]}, "presence_by_category": [["Entertainment", 46.15384615384615], ["Business", 30.76923076923077], ["News and Portals", 23.076923076923077]]}