{"id": "puserving.com", "name": "puserving.com", "category": "unknown", "website_url": null, "ghostery_id": null, "company_id": null, "company_name": null, "iab_vendor": null, "truste_type": null, "description": null, "truste_privacy_url": null, "privacy_url": null, "date_range": ["2018-03", "2019-02"], "overview": {"reach": 6.923923719684663e-05, "site_reach_top10k": 4, "site_avg_frequency": 0.3482867793862785, "cookies": 0.0, "bad_qs": 0.0, "tracked": 0.0, "https": 0.5666329813801675, "requests": 1.6611957115145601, "requests_tracking": 0.0, "content_length": 20.961180611213717, "requests_failed": 1.5967290425247702, "has_blocking": 0.0, "script": 0.9988616696286488, "iframe": 0.0, "beacon": 0.0, "image": 0.0, "stylesheet": 0.0, "font": 0.0, "xhr": 4.646246413678549e-05, "plugin": 0.0, "media": 0.0, "referer_leaked": 0.03661242173978697, "referer_leaked_header": 0.03661242173978697, "referer_leaked_url": 0.0, "hosts": 1.0, "reach_rank": 1056, "site_reach_rank": 1063}, "reach_time_series": {"page": [0.002354005098657948, 0.0011762871933208318, 0.0005681434061632177, 0.0003101173110725692, 0.0002469043095625075, 0.00022652665479372806, 0.00023870759605680597, 0.00021568338230150595, 0.0001468356042386607, 0.00012720467762714204, 9.836410704974946e-05, 6.923923719684663e-05], "ts": ["2018-03", "2018-04", "2018-05", "2018-06", "2018-07", "2018-08", "2018-09", "2018-10", "2018-11", "2018-12", "2019-01", "2019-02"], "site": [13, 18, 13, 9, 5, 4]}, "presence_by_category": [["Adult", 50.0], ["Entertainment", 50.0]]}