{"id": "pushwhy.com", "name": "pushwhy.com", "category": "unknown", "website_url": null, "ghostery_id": null, "company_id": null, "company_name": null, "iab_vendor": null, "truste_type": null, "description": null, "truste_privacy_url": null, "privacy_url": null, "date_range": ["2019-01", "2019-02"], "overview": {"reach": 0.0006765525422929846, "site_reach_top10k": 102, "site_avg_frequency": 0.1402504746847776, "cookies": 0.1161023044049381, "bad_qs": 0.0011412064692141724, "tracked": 0.11707946244420273, "https": 0.9999655260545758, "requests": 3.243063901618492, "requests_tracking": 0.11937614046349625, "content_length": 84.7273800395856, "requests_failed": 1.1098102149866562, "has_blocking": 0.0, "script": 0.0, "iframe": 0.0, "beacon": 0.0, "image": 0.0, "stylesheet": 0.0, "font": 0.0, "xhr": 0.9998300077863567, "plugin": 0.0, "media": 0.0, "referer_leaked": 0.6914748310479485, "referer_leaked_header": 0.6909553443531083, "referer_leaked_url": 0.0, "hosts": 1.0, "reach_rank": 666, "site_reach_rank": 337}, "reach_time_series": {"page": [0.0008205700140353889, 0.0006765525422929846], "ts": ["2019-01", "2019-02"], "site": [94, 102]}, "presence_by_category": [["Entertainment", 87.09677419354838], ["Business", 9.67741935483871], ["Adult", 3.225806451612903]]}