{"id": "pvclouds.com", "name": "pvclouds.com", "category": "unknown", "website_url": null, "ghostery_id": null, "company_id": null, "company_name": null, "iab_vendor": null, "truste_type": null, "description": null, "truste_privacy_url": null, "privacy_url": null, "date_range": ["2018-05", "2019-02"], "overview": {"reach": 0.0004719537369975205, "site_reach_top10k": 42, "site_avg_frequency": 0.3005318091330022, "cookies": 0.00016359360621655703, "bad_qs": 0.0, "tracked": 0.00016359360621655703, "https": 0.6707167444872363, "requests": 1.8940782522749735, "requests_tracking": 0.00018915510718789407, "content_length": 5.687880440339457, "requests_failed": 1.7887836133737773, "has_blocking": 0.0, "script": 0.9992842779728026, "iframe": 8.520500323779012e-06, "beacon": 0.0, "image": 0.0, "stylesheet": 0.0, "font": 0.0, "xhr": 0.00021812480828874273, "plugin": 0.0, "media": 0.0, "referer_leaked": 0.06961589584540404, "referer_leaked_header": 0.06961419174533928, "referer_leaked_url": 0.0, "hosts": 1.0, "reach_rank": 758, "site_reach_rank": 597}, "reach_time_series": {"page": [0.001194242147769536, 0.000877401633310334, 0.0002770235971646242, 0.0002769562486873589, 0.0005389816351178987, 0.0008312851259097175, 0.0009780877531911287, 0.000938505664667384, 0.0007253162976771899, 0.0004719537369975205], "ts": ["2018-05", "2018-06", "2018-07", "2018-08", "2018-09", "2018-10", "2018-11", "2018-12", "2019-01", "2019-02"], "site": [43, 67, 80, 95, 67, 42]}, "presence_by_category": [["Entertainment", 66.66666666666667], ["Adult", 33.333333333333336]]}