{"id": "redtube.com", "name": "redtube.com", "category": "cdn", "website_url": null, "ghostery_id": "redtube.com", "company_id": null, "company_name": null, "iab_vendor": null, "truste_type": null, "description": null, "truste_privacy_url": null, "privacy_url": null, "date_range": ["2017-05", "2019-02"], "overview": {"reach": 0.0005223452256061512, "site_reach_top10k": 26, "site_avg_frequency": 0.1792094026021867, "cookies": 0.18586983968614698, "bad_qs": 0.0005866267575707185, "tracked": 0.18641951357709907, "https": 0.9839824720236006, "requests": 18.937729800639286, "requests_tracking": 1.0566502842291323, "content_length": 101497629.1988018, "requests_failed": 4.359260388374628, "has_blocking": 0.0, "script": 0.11653702369294631, "iframe": 0.04919042428049689, "beacon": 0.0, "image": 0.8644322499984602, "stylesheet": 0.10273820741644032, "font": 0.08367360764677986, "xhr": 0.013156760219007323, "plugin": 0.00242041276352013, "media": 0.5048900960158651, "referer_leaked": 0.6849906694011788, "referer_leaked_header": 0.684975272373421, "referer_leaked_url": 0.0, "hosts": 1.1166586602122326, "reach_rank": 732, "site_reach_rank": 727}, "reach_time_series": {"page": [0.0011574191542919733, 0.0014397088855252769, 0.0015036023162346378, 0.0014620147957374525, 0.0012845329332212972, 0.001380026905405215, 0.0015710529586967594, 0.0015634662836541487, 0.001057913979942709, 0.0008316548709268157, 0.0008188784578766173, 0.0008363478257310706, 0.0010442709271202104, 0.0008723880709699256, 0.0008694041358073528, 0.0007574789239346306, 0.0006933070348562258, 0.0006761231494742884, 0.0006778237390135817, 0.0006974165275848977, 0.0005594374033547404, 0.0005223452256061512], "ts": ["2017-05", "2017-06", "2017-07", "2017-08", "2017-09", "2017-10", "2017-11", "2017-12", "2018-01", "2018-02", "2018-03", "2018-04", "2018-05", "2018-06", "2018-07", "2018-08", "2018-09", "2018-10", "2018-11", "2018-12", "2019-01", "2019-02"], "site": [26, 28, 26, 32, 31, 26]}, "presence_by_category": [["Adult", 100.0]]}