{"id": "remove.video", "name": "remove.video", "category": "extensions", "website_url": null, "ghostery_id": null, "company_id": null, "company_name": null, "iab_vendor": null, "truste_type": null, "description": null, "truste_privacy_url": null, "privacy_url": null, "date_range": ["2019-02", "2019-02"], "overview": {"reach": 0.0008497121608992253, "site_reach_top10k": 97, "site_avg_frequency": 0.02746191577843914, "cookies": 0.7599787604387617, "bad_qs": 5.300425264477023e-05, "tracked": 0.760007155574107, "https": 0.8592737092281351, "requests": 1.5771216608503964, "requests_tracking": 1.145475850410641, "content_length": 92.29187548922452, "requests_failed": 0.2642867757229165, "has_blocking": 0.0, "script": 0.16016560042933445, "iframe": 0.8421665866870355, "beacon": 0.0, "image": 1.8930090230275082e-06, "stylesheet": 0.0, "font": 0.0, "xhr": 6.909482934050405e-05, "plugin": 0.0, "media": 0.0, "referer_leaked": 0.7213963970359265, "referer_leaked_header": 0.7213963970359265, "referer_leaked_url": 0.0, "hosts": 1.0, "reach_rank": 598, "site_reach_rank": 355}, "reach_time_series": {"page": [0.0008497121608992253], "ts": ["2019-02"], "site": [97]}, "presence_by_category": [["Entertainment", 36.36363636363637], ["Adult", 18.181818181818183], ["Reference", 18.181818181818183], ["Business", 9.090909090909092], ["E-Commerce", 9.090909090909092], ["News and Portals", 9.090909090909092]]}