{"id": "rtbsuperhub.com", "name": "rtbsuperhub.com", "category": "advertising", "website_url": null, "ghostery_id": null, "company_id": null, "company_name": null, "iab_vendor": null, "truste_type": null, "description": null, "truste_privacy_url": null, "privacy_url": null, "date_range": ["2018-01", "2019-02"], "overview": {"reach": 0.00029644971100341343, "site_reach_top10k": 63, "site_avg_frequency": 0.04669598843238401, "cookies": 0.7636197405867049, "bad_qs": 0.07542844430698777, "tracked": 0.7708877621059086, "https": 0.8608278328056624, "requests": 2.6965065206008667, "requests_tracking": 1.671343810787274, "content_length": 4976.105333409296, "requests_failed": 0.6637366691897201, "has_blocking": 0.0, "script": 0.2175360348995255, "iframe": 0.7778736357199248, "beacon": 0.0, "image": 0.1399534998548566, "stylesheet": 0.0, "font": 0.0, "xhr": 0.00019533316512977447, "plugin": 0.0, "media": 0.0, "referer_leaked": 0.7643685177197024, "referer_leaked_header": 0.7414738429901166, "referer_leaked_url": 0.0, "hosts": 1.0, "reach_rank": 846, "site_reach_rank": 463}, "reach_time_series": {"page": [0.0008970145948374973, 0.000739833206434121, 0.0003152254964981422, 0.00038672090209222607, 0.0008002415318903029, 0.0007445114417562031, 0.0010411835118669572, 0.0008295101210250613, 0.00022973193519317605, 0.0004557590513048986, 0.000838085743757888, 0.001207814343455534, 0.0005289705792301513, 0.00029644971100341343], "ts": ["2018-01", "2018-02", "2018-03", "2018-04", "2018-05", "2018-06", "2018-07", "2018-08", "2018-09", "2018-10", "2018-11", "2018-12", "2019-01", "2019-02"], "site": [46, 78, 115, 165, 118, 63]}, "presence_by_category": [["Adult", 79.16666666666667], ["Entertainment", 12.5], ["Business", 4.166666666666667], ["E-Commerce", 4.166666666666667]]}