{"id": "rtl_group", "name": "RTL Group", "category": "misc", "website_url": null, "ghostery_id": "c_2991", "company_id": null, "company_name": null, "iab_vendor": null, "truste_type": null, "description": null, "truste_privacy_url": null, "privacy_url": null, "date_range": ["2017-05", "2019-02"], "overview": {"reach": 0.0005393447930014625, "site_reach_top10k": 31, "site_avg_frequency": 0.4183049224284283, "cookies": 0.7628498105464702, "bad_qs": 0.014972868107239197, "tracked": 0.7650015731875165, "https": 0.9849585379346956, "requests": 4.0722831200707414, "requests_tracking": 1.9894081981709273, "content_length": 16985.311986197703, "requests_failed": 1.0283561457949666, "has_blocking": 0.0, "script": 0.7546259914436493, "iframe": 0.014892344765162619, "beacon": 0.0, "image": 0.9208038018946845, "stylesheet": 0.012764440892138983, "font": 0.0006143632765842594, "xhr": 0.10160405479762545, "plugin": 0.00019683483618718992, "media": 0.00011332914810777601, "referer_leaked": 0.8917378577510428, "referer_leaked_header": 0.8915365493958513, "referer_leaked_url": 0.0, "hosts": 1.5240891542514088, "reach_rank": 726, "site_reach_rank": 686}, "reach_time_series": {"page": [0.0048052283777729465, 0.004978708008700175, 0.004784099326047098, 0.004434332319056979, 0.004144446609029926, 0.0035827371510378588, 0.004118227476963312, 0.00450518805342879, 0.003532884509870261, 0.0019460723979687487, 0.0010683372260933601, 0.0009725792191797478, 0.0012785913861533393, 0.0009938630430499126, 0.0007845881700960904, 0.0006057969968197985, 0.0003672724306707872, 0.0006392606347222426, 0.0009421909133887319, 0.0011511151721022193, 0.0007500973423762996, 0.0005393447930014625], "ts": ["2017-05", "2017-06", "2017-07", "2017-08", "2017-09", "2017-10", "2017-11", "2017-12", "2018-01", "2018-02", "2018-03", "2018-04", "2018-05", "2018-06", "2018-07", "2018-08", "2018-09", "2018-10", "2018-11", "2018-12", "2019-01", "2019-02"], "site": [21, 34, 35, 38, 32, 31]}, "presence_by_category": [["News and Portals", 40.54054054054054], ["Reference", 24.324324324324323], ["Entertainment", 21.62162162162162], ["Recreation", 8.108108108108109], ["E-Commerce", 5.405405405405405]]}