{"id": "s3xified.com", "name": "s3xified.com", "category": "unknown", "website_url": null, "ghostery_id": "s3xified.com", "company_id": null, "company_name": null, "iab_vendor": null, "truste_type": null, "description": null, "truste_privacy_url": null, "privacy_url": null, "date_range": ["2017-09", "2019-02"], "overview": {"reach": 0.0004777266893920678, "site_reach_top10k": 136, "site_avg_frequency": 0.032422175527733375, "cookies": 0.693515803083512, "bad_qs": 0.018373799238381273, "tracked": 0.6935949279290503, "https": 0.9249559762827484, "requests": 2.3052080983437655, "requests_tracking": 1.3556173589810068, "content_length": 113.65369748719692, "requests_failed": 0.5544025400758925, "has_blocking": 0.0, "script": 0.0009309795655877629, "iframe": 0.008986562244317322, "beacon": 0.0, "image": 0.9910706770056464, "stylesheet": 0.0, "font": 0.0, "xhr": 0.0005454563820080202, "plugin": 0.0, "media": 0.0, "referer_leaked": 0.5266381368287435, "referer_leaked_header": 0.5266381368287435, "referer_leaked_url": 0.0, "hosts": 1.0, "reach_rank": 754, "site_reach_rank": 266}, "reach_time_series": {"page": [0.0018808713360921841, 0.0018940288210732984, 0.0019595888345507345, 0.0013798338064348475, 0.0003759373453234922, 0.0002437547044379287, 0.00023702207592815638, 0.00030508702177505263, 0.0003786726966801119, 0.0003121596834487028, 6.926237725386218e-05, 6.309048154172425e-05, 4.540397676383426e-05, 0.00013104001984783723, 0.00021209185963742334, 0.0002645063407164487, 0.0003936396817431026, 0.0004777266893920678], "ts": ["2017-09", "2017-10", "2017-11", "2017-12", "2018-01", "2018-02", "2018-03", "2018-04", "2018-05", "2018-06", "2018-07", "2018-08", "2018-09", "2018-10", "2018-11", "2018-12", "2019-01", "2019-02"], "site": [18, 30, 47, 61, 112, 136]}, "presence_by_category": [["Entertainment", 48.0], ["News and Portals", 24.0], ["Business", 12.0], ["Reference", 12.0], ["E-Commerce", 4.0]]}