{"id": "scribblelive", "name": "ScribbleLive", "category": "misc", "website_url": null, "ghostery_id": "c_3436", "company_id": null, "company_name": null, "iab_vendor": null, "truste_type": null, "description": null, "truste_privacy_url": null, "privacy_url": null, "date_range": ["2017-05", "2019-02"], "overview": {"reach": 0.00019257195518288968, "site_reach_top10k": 29, "site_avg_frequency": 0.16141317314321124, "cookies": 0.4460096641761436, "bad_qs": 0.0022301944946771855, "tracked": 0.44647742032483995, "https": 0.7652323536904707, "requests": 78.88863227266842, "requests_tracking": 22.920744567555264, "content_length": 1028382.2480235215, "requests_failed": 9.20047527365823, "has_blocking": 0.0, "script": 0.8538804966567964, "iframe": 0.18724028048663344, "beacon": 0.0, "image": 0.4952368224322484, "stylesheet": 0.008582490049740855, "font": 0.0008645135962512685, "xhr": 0.202609411086656, "plugin": 0.00015035019065239453, "media": 0.010420103491047899, "referer_leaked": 0.9370742688177881, "referer_leaked_header": 0.932726642471423, "referer_leaked_url": 0.0, "hosts": 1.0, "reach_rank": 935, "site_reach_rank": 704}, "reach_time_series": {"page": [0.0014131987802294091, 0.0015914984766404172, 0.001524892691187643, 0.0013646510935952738, 0.0011557351998263369, 0.0009558140405128399, 0.0007425850488361286, 0.0007822613699967978, 0.0006863687925383762, 0.0004843569579515065, 0.0003389935810736035, 0.00031901271513136697, 0.00048012342135129375, 0.00043145629604711015, 0.0004261106698646814, 0.00029932007262342924, 0.00019748546128625383, 0.00021376854399191708, 0.00025495232036204513, 0.00028413059519642405, 0.0002199067127048601, 0.00019257195518288968], "ts": ["2017-05", "2017-06", "2017-07", "2017-08", "2017-09", "2017-10", "2017-11", "2017-12", "2018-01", "2018-02", "2018-03", "2018-04", "2018-05", "2018-06", "2018-07", "2018-08", "2018-09", "2018-10", "2018-11", "2018-12", "2019-01", "2019-02"], "site": [26, 32, 29, 30, 25, 29]}, "presence_by_category": [["News and Portals", 62.5], ["Entertainment", 31.25], ["Reference", 6.25]]}