{"id": "sevenone_media", "name": "SevenOne Media", "category": "advertising", "website_url": null, "ghostery_id": "c_m11", "company_id": null, "company_name": null, "iab_vendor": null, "truste_type": null, "description": null, "truste_privacy_url": null, "privacy_url": null, "date_range": ["2017-05", "2019-02"], "overview": {"reach": 0.0004991078456206882, "site_reach_top10k": 43, "site_avg_frequency": 0.37636190084978216, "cookies": 0.05004971131983957, "bad_qs": 4.028470003206662e-05, "tracked": 0.05004971131983957, "https": 0.8646788584282844, "requests": 3.997376660333912, "requests_tracking": 0.3243949640902184, "content_length": 124124.63968558598, "requests_failed": 1.5976428616317238, "has_blocking": 0.0, "script": 0.994190946255376, "iframe": 0.0010570705288414281, "beacon": 0.0, "image": 0.015756151876541898, "stylesheet": 0.4448091552620681, "font": 0.0, "xhr": 0.005270850152195597, "plugin": 2.255943201795731e-05, "media": 0.006414935633106289, "referer_leaked": 0.4131486038128663, "referer_leaked_header": 0.413135712708856, "referer_leaked_url": 0.0, "hosts": 1.0, "reach_rank": 742, "site_reach_rank": 585}, "reach_time_series": {"page": [0.008732754811390457, 0.009745494637500457, 0.009586873352410118, 0.009384255665658169, 0.007756186445705258, 0.005220453077166215, 0.004940005538860218, 0.004613799402157722, 0.002434301239099906, 0.001066614063117246, 0.0006159718386097719, 0.0005837738606714502, 0.0008052988853146974, 0.0011555003955364567, 0.0017358834714528912, 0.0014052756207176016, 0.0008096114096424981, 0.0013693146419983628, 0.0011834640046846773, 0.0009189928764482606, 0.0007462871445263893, 0.0004991078456206882], "ts": ["2017-05", "2017-06", "2017-07", "2017-08", "2017-09", "2017-10", "2017-11", "2017-12", "2018-01", "2018-02", "2018-03", "2018-04", "2018-05", "2018-06", "2018-07", "2018-08", "2018-09", "2018-10", "2018-11", "2018-12", "2019-01", "2019-02"], "site": [40, 56, 71, 71, 63, 43]}, "presence_by_category": [["News and Portals", 56.666666666666664], ["Entertainment", 30.0], ["Reference", 10.0], ["E-Commerce", 3.3333333333333335]]}