{"id": "sitelabweb.com", "name": "sitelabweb.com", "category": "unknown", "website_url": null, "ghostery_id": null, "company_id": null, "company_name": null, "iab_vendor": null, "truste_type": null, "description": null, "truste_privacy_url": null, "privacy_url": null, "date_range": ["2018-12", "2019-02"], "overview": {"reach": 0.0008098483884851646, "site_reach_top10k": 27, "site_avg_frequency": 0.49638639203822293, "cookies": 0.00037737610394924094, "bad_qs": 3.7737610394924094e-05, "tracked": 0.00037737610394924094, "https": 0.998282938727031, "requests": 3.3776521843621303, "requests_tracking": 0.0019285905101826997, "content_length": 144.4590432721289, "requests_failed": 1.1652122790239465, "has_blocking": 0.0, "script": 0.21404276068495748, "iframe": 0.0, "beacon": 0.0, "image": 0.9993942120436604, "stylesheet": 0.0, "font": 0.0, "xhr": 0.04851765673273728, "plugin": 0.0, "media": 0.0, "referer_leaked": 0.7843821906285596, "referer_leaked_header": 0.7843821906285596, "referer_leaked_url": 0.0, "hosts": 1.0, "reach_rank": 613, "site_reach_rank": 722}, "reach_time_series": {"page": [0.0010552851506198532, 0.0010731880993077325, 0.0008098483884851646], "ts": ["2018-12", "2019-01", "2019-02"], "site": [30, 36, 27]}, "presence_by_category": [["Business", 50.0], ["E-Commerce", 43.75], ["Recreation", 6.25]]}