{"id": "spotscenered.info", "name": "spotscenered.info", "category": "unknown", "website_url": null, "ghostery_id": "spotscenered.info", "company_id": null, "company_name": null, "iab_vendor": null, "truste_type": null, "description": null, "truste_privacy_url": null, "privacy_url": null, "date_range": ["2017-10", "2019-02"], "overview": {"reach": 0.00036696289032800634, "site_reach_top10k": 122, "site_avg_frequency": 0.07645341037436737, "cookies": 0.43080942236716374, "bad_qs": 0.006539901287817023, "tracked": 0.4325737053888436, "https": 0.9554743181758409, "requests": 1.755227099387213, "requests_tracking": 0.9593732740709571, "content_length": 1182.964815155739, "requests_failed": 0.788921617617407, "has_blocking": 0.0, "script": 0.19923686540602617, "iframe": 0.0079009196188272, "beacon": 0.0, "image": 0.06540777950188044, "stylesheet": 0.0, "font": 0.0, "xhr": 0.8783302211819162, "plugin": 0.0, "media": 0.0, "referer_leaked": 0.4199651088376334, "referer_leaked_header": 0.2932610963539612, "referer_leaked_url": 0.0, "hosts": 1.0, "reach_rank": 809, "site_reach_rank": 291}, "reach_time_series": {"page": [0.0011123893790561939, 0.000871576288450408, 0.0009295924799859438, 0.0008694172025787781, 0.000787857283867326, 0.0007401072273306897, 0.0004186767036888212, 0.0006588747988418865, 0.0006974881270107249, 0.0005813258952847305, 0.0004592741006033972, 0.0003783167826017631, 0.0003891652300936419, 0.00043242111456355065, 0.0005419861156820448, 0.0003934761064319218, 0.00036696289032800634], "ts": ["2017-10", "2017-11", "2017-12", "2018-01", "2018-02", "2018-03", "2018-04", "2018-05", "2018-06", "2018-07", "2018-08", "2018-09", "2018-10", "2018-11", "2018-12", "2019-01", "2019-02"], "site": [91, 107, 110, 146, 138, 122]}, "presence_by_category": [["Entertainment", 68.18181818181819], ["Adult", 27.272727272727273], ["Business", 4.545454545454546]]}