{"id": "srvtrck.com", "name": "srvtrck.com", "category": "extensions", "website_url": null, "ghostery_id": "srvtrck.com", "company_id": null, "company_name": null, "iab_vendor": null, "truste_type": null, "description": null, "truste_privacy_url": null, "privacy_url": null, "date_range": ["2017-05", "2019-02"], "overview": {"reach": 5.3225688140308624e-05, "site_reach_top10k": 5, "site_avg_frequency": 0.29273518583250147, "cookies": 0.6122695678452704, "bad_qs": 0.0014203686914475671, "tracked": 0.6123602296766395, "https": 0.6629797521909943, "requests": 4.167799939558779, "requests_tracking": 2.765760048352977, "content_length": 11317.57552130553, "requests_failed": 1.0836204291326685, "has_blocking": 0.0, "script": 0.9291628890903596, "iframe": 0.5730281051677244, "beacon": 0.0, "image": 0.6008159564823209, "stylesheet": 3.022061045633122e-05, "font": 0.0, "xhr": 0.04232396494409187, "plugin": 0.0, "media": 0.0, "referer_leaked": 0.6132668479903294, "referer_leaked_header": 0.5338168631006346, "referer_leaked_url": 0.0, "hosts": 1.0, "reach_rank": 1071, "site_reach_rank": 1040}, "reach_time_series": {"page": [0.0019502734499412093, 0.0017136460789238049, 0.0015819052738296551, 0.0014213590489056628, 0.0012595406227234919, 0.0015611578828347828, 0.0009974432140424131, 0.0005616274641175878, 0.0003832471510032363, 0.0001989585509714623, 0.0001176083303566952, 0.0001249178669935157, 0.00013139982345698227, 0.0001421963279966391, 0.00010474865695800145, 5.568223084776172e-05, 4.730267425421752e-05, 5.408855036850387e-05, 6.578117564808665e-05, 5.139213882275646e-05, 4.9549790502642053e-05, 5.3225688140308624e-05], "ts": ["2017-05", "2017-06", "2017-07", "2017-08", "2017-09", "2017-10", "2017-11", "2017-12", "2018-01", "2018-02", "2018-03", "2018-04", "2018-05", "2018-06", "2018-07", "2018-08", "2018-09", "2018-10", "2018-11", "2018-12", "2019-01", "2019-02"], "site": [5, 4, 6, 6, 3, 5]}, "presence_by_category": [["Entertainment", 50.0], ["News and Portals", 50.0]]}