{"id": "srvvtrk.com", "name": "srvvtrk.com", "category": "unknown", "website_url": null, "ghostery_id": null, "company_id": null, "company_name": null, "iab_vendor": null, "truste_type": null, "description": null, "truste_privacy_url": null, "privacy_url": null, "date_range": ["2018-12", "2019-02"], "overview": {"reach": 0.002534733054941484, "site_reach_top10k": 616, "site_avg_frequency": 0.02190955246258251, "cookies": 0.3569275502848034, "bad_qs": 0.24909634578480847, "tracked": 0.5318912518149235, "https": 0.8220940282671161, "requests": 2.523771372945202, "requests_tracking": 1.3090710003147559, "content_length": 3.52189425976505, "requests_failed": 0.709493255591995, "has_blocking": 0.0, "script": 0.9995906903308999, "iframe": 0.0, "beacon": 0.0, "image": 0.0020056173785905026, "stylesheet": 0.0, "font": 0.0, "xhr": 0.0015436368528465108, "plugin": 0.0, "media": 0.0, "referer_leaked": 0.8461674654022276, "referer_leaked_header": 0.8461642924590563, "referer_leaked_url": 0.0, "hosts": 1.0, "reach_rank": 252, "site_reach_rank": 82}, "reach_time_series": {"page": [0.0011331350449698089, 0.0031330464870936983, 0.002534733054941484], "ts": ["2018-12", "2019-01", "2019-02"], "site": [279, 842, 616]}, "presence_by_category": [["Adult", 37.333333333333336], ["Entertainment", 28.0], ["News and Portals", 14.666666666666666], ["Business", 6.666666666666667], ["Reference", 6.666666666666667], ["E-Commerce", 5.333333333333333], ["Banking", 1.3333333333333333]]}