{"id": "statsy.net", "name": "statsy.net", "category": "unknown", "website_url": null, "ghostery_id": null, "company_id": null, "company_name": null, "iab_vendor": null, "truste_type": null, "description": null, "truste_privacy_url": null, "privacy_url": null, "date_range": ["2018-05", "2019-02"], "overview": {"reach": 0.0016177247402927827, "site_reach_top10k": 25, "site_avg_frequency": 0.9575212247728787, "cookies": 0.5813043698737331, "bad_qs": 0.007765526827856864, "tracked": 0.5867989026843269, "https": 0.8972539267614372, "requests": 1.0946037045838484, "requests_tracking": 0.5892876496305658, "content_length": 2.042530428237484, "requests_failed": 0.5190071460744318, "has_blocking": 0.0, "script": 0.0, "iframe": 0.0, "beacon": 0.0, "image": 0.0, "stylesheet": 0.0, "font": 0.0, "xhr": 0.9999482961081884, "plugin": 0.0, "media": 0.0, "referer_leaked": 0.5917003321975048, "referer_leaked_header": 0.5906886262375376, "referer_leaked_url": 0.0, "hosts": 1.0, "reach_rank": 378, "site_reach_rank": 739}, "reach_time_series": {"page": [0.0016172593961018037, 0.0013820831369484958, 0.0012311465292426476, 0.0010608748716691063, 0.0015067707604812784, 0.0014784178736824921, 0.0013690786943149128, 0.00168094217649634, 0.0016670599505003644, 0.0016177247402927827], "ts": ["2018-05", "2018-06", "2018-07", "2018-08", "2018-09", "2018-10", "2018-11", "2018-12", "2019-01", "2019-02"], "site": [24, 24, 23, 25, 23, 25]}, "presence_by_category": [["Entertainment", 93.75], ["Adult", 6.25]]}