{"id": "stripst.com", "name": "stripst.com", "category": "pornvertising", "website_url": null, "ghostery_id": null, "company_id": null, "company_name": null, "iab_vendor": null, "truste_type": null, "description": null, "truste_privacy_url": null, "privacy_url": null, "date_range": ["2019-01", "2019-02"], "overview": {"reach": 0.00344158280708036, "site_reach_top10k": 17, "site_avg_frequency": 0.240493075336965, "cookies": 0.9762051929666473, "bad_qs": 0.0, "tracked": 0.9762051929666473, "https": 0.9997342968131274, "requests": 60.6230585498121, "requests_tracking": 37.59973812929533, "content_length": 642087.0696964931, "requests_failed": 14.695792752448991, "has_blocking": 0.0, "script": 0.03355174587090938, "iframe": 0.0, "beacon": 0.0, "image": 0.9987733720071293, "stylesheet": 0.032877556166311966, "font": 0.0, "xhr": 1.3553900473708821e-05, "plugin": 2.8743616521830775e-05, "media": 9.417623949835613e-05, "referer_leaked": 0.7405372158559136, "referer_leaked_header": 0.7403757374899251, "referer_leaked_url": 0.0, "hosts": 1.0, "reach_rank": 206, "site_reach_rank": 834}, "reach_time_series": {"page": [0.0037226666100851876, 0.00344158280708036], "ts": ["2019-01", "2019-02"], "site": [25, 17]}, "presence_by_category": [["Adult", 100.0]]}