{"id": "stripchat.com", "name": "stripchat.com", "category": "pornvertising", "website_url": null, "ghostery_id": "stripchat.com", "company_id": null, "company_name": null, "iab_vendor": null, "truste_type": null, "description": null, "truste_privacy_url": null, "privacy_url": null, "date_range": ["2017-05", "2019-02"], "overview": {"reach": 0.0013970737816338791, "site_reach_top10k": 15, "site_avg_frequency": 0.22883889094156473, "cookies": 0.02564964596166024, "bad_qs": 0.0, "tracked": 0.02564964596166024, "https": 0.9975689367336366, "requests": 28.11263197282828, "requests_tracking": 0.0424523631339589, "content_length": 411783.7043595648, "requests_failed": 7.1429917678890105, "has_blocking": 0.0, "script": 0.005395774566806747, "iframe": 0.03976627712854758, "beacon": 0.0, "image": 0.9509907316792355, "stylesheet": 0.0004075758447988026, "font": 0.0, "xhr": 0.021481204306027287, "plugin": 6.67779632721202e-05, "media": 0.0034713027459559037, "referer_leaked": 0.5374653157561453, "referer_leaked_header": 0.537032986011168, "referer_leaked_url": 0.0, "hosts": 1.0332479419722527, "reach_rank": 425, "site_reach_rank": 864}, "reach_time_series": {"page": [0.0051566161933322115, 0.005351085493399068, 0.005581651979197357, 0.005714832417897877, 0.0047239547884369085, 0.005045432603192137, 0.005874628576302093, 0.007505498600679029, 0.005525418322453558, 0.0041952735622600235, 0.003293832594128354, 0.003716697195402298, 0.005102307975636068, 0.004708489381209535, 0.004841658477388162, 0.0048062082788281986, 0.0040229633809669985, 0.004009483691033014, 0.004133775858119277, 0.004200859935574421, 0.00157035496446402, 0.0013970737816338791], "ts": ["2017-05", "2017-06", "2017-07", "2017-08", "2017-09", "2017-10", "2017-11", "2017-12", "2018-01", "2018-02", "2018-03", "2018-04", "2018-05", "2018-06", "2018-07", "2018-08", "2018-09", "2018-10", "2018-11", "2018-12", "2019-01", "2019-02"], "site": [31, 35, 33, 49, 19, 15]}, "presence_by_category": [["Adult", 100.0]]}