{"id": "superfastcdn.com", "name": "superfastcdn.com", "category": "unknown", "website_url": null, "ghostery_id": null, "company_id": null, "company_name": null, "iab_vendor": null, "truste_type": null, "description": null, "truste_privacy_url": null, "privacy_url": null, "date_range": ["2018-04", "2019-02"], "overview": {"reach": 0.0003245391698125464, "site_reach_top10k": 26, "site_avg_frequency": 0.36070780764444427, "cookies": 0.0, "bad_qs": 0.0, "tracked": 0.0, "https": 0.5776242977545493, "requests": 1.070238174892882, "requests_tracking": 0.0, "content_length": 65.89078797701269, "requests_failed": 1.0655222574945418, "has_blocking": 0.0, "script": 0.9999975218510782, "iframe": 0.0, "beacon": 0.0, "image": 0.0, "stylesheet": 0.0, "font": 0.0, "xhr": 0.00028994342386011343, "plugin": 0.0, "media": 0.0, "referer_leaked": 0.0027804830903508317, "referer_leaked_header": 0.0027804830903508317, "referer_leaked_url": 0.0, "hosts": 1.0, "reach_rank": 835, "site_reach_rank": 727}, "reach_time_series": {"page": [0.001174492977671555, 0.0013025775374105896, 0.0010099967585035913, 0.0008907263500545551, 0.0006107420710194868, 0.0006648736476448666, 0.000654902235502139, 0.0005829263447653756, 0.0005888143303799222, 0.00041877001507661346, 0.0003245391698125464], "ts": ["2018-04", "2018-05", "2018-06", "2018-07", "2018-08", "2018-09", "2018-10", "2018-11", "2018-12", "2019-01", "2019-02"], "site": [51, 46, 40, 42, 35, 26]}, "presence_by_category": [["Entertainment", 85.71428571428571], ["Business", 14.285714285714286]]}