{"id": "t-mobile", "name": "Deutsche Telekom", "category": "misc", "website_url": null, "ghostery_id": "c_923", "company_id": null, "company_name": null, "iab_vendor": null, "truste_type": null, "description": null, "truste_privacy_url": null, "privacy_url": null, "date_range": ["2017-05", "2019-02"], "overview": {"reach": 0.0010486570437464216, "site_reach_top10k": 9, "site_avg_frequency": 0.3198637185041278, "cookies": 0.45646085081188204, "bad_qs": 0.0019081452031008894, "tracked": 0.45658279417494196, "https": 0.9760538514162302, "requests": 4.70379190173359, "requests_tracking": 1.4418000374266422, "content_length": 113918.26043190958, "requests_failed": 0.8066162327323596, "has_blocking": 0.0, "script": 0.17570658126029617, "iframe": 0.6981318890330735, "beacon": 0.002032389384331735, "image": 0.8422835160182961, "stylesheet": 0.022247377834224518, "font": 0.0013827917207358937, "xhr": 0.005154599642299468, "plugin": 0.0006204539667639146, "media": 0.00011657478732770707, "referer_leaked": 0.8870904160186028, "referer_leaked_header": 0.8790590267232361, "referer_leaked_url": 0.0, "hosts": 1.6843545898254753, "reach_rank": 525, "site_reach_rank": 967}, "reach_time_series": {"page": [0.019720034885190998, 0.016668437649897717, 0.015519193014494153, 0.01478303355751933, 0.014265761014548723, 0.013619908202058089, 0.011958598116959243, 0.011618155846249912, 0.009284258442226866, 0.0051464603154731375, 0.002816205175433575, 0.0027661176400006096, 0.0036132506077866614, 0.0028899620438179448, 0.0025809466623919887, 0.0021703312862464547, 0.0013340572862871871, 0.0017139755254979006, 0.0024188036141924584, 0.0028201335549724337, 0.0016196624667237853, 0.0010486570437464216], "ts": ["2017-05", "2017-06", "2017-07", "2017-08", "2017-09", "2017-10", "2017-11", "2017-12", "2018-01", "2018-02", "2018-03", "2018-04", "2018-05", "2018-06", "2018-07", "2018-08", "2018-09", "2018-10", "2018-11", "2018-12", "2019-01", "2019-02"], "site": [19, 19, 17, 18, 8, 9]}, "presence_by_category": [["Business", 50.0], ["News and Portals", 33.333333333333336], ["Reference", 16.666666666666668]]}