{"id": "toplist.cz", "name": "toplist.cz", "category": "unknown", "website_url": null, "ghostery_id": "toplist.cz", "company_id": null, "company_name": null, "iab_vendor": null, "truste_type": null, "description": null, "truste_privacy_url": null, "privacy_url": null, "date_range": ["2018-02", "2019-02"], "overview": {"reach": 0.0007964792344513727, "site_reach_top10k": 19, "site_avg_frequency": 0.6219118972029022, "cookies": 0.6666495006714933, "bad_qs": 0.001565134854038553, "tracked": 0.6674502438581079, "https": 0.82781497076732, "requests": 1.5305029636585785, "requests_tracking": 0.7783839730190947, "content_length": 8.12966485918835, "requests_failed": 0.745516141084285, "has_blocking": 0.0, "script": 0.000535175143638989, "iframe": 0.00022214817283127845, "beacon": 0.0, "image": 0.9997354417214463, "stylesheet": 1.1107408641563923e-05, "font": 0.0, "xhr": 7.0683509537224965e-06, "plugin": 0.0, "media": 0.0, "referer_leaked": 0.6430755404764068, "referer_leaked_header": 0.6334302707178415, "referer_leaked_url": 0.0, "hosts": 1.0, "reach_rank": 616, "site_reach_rank": 803}, "reach_time_series": {"page": [0.0007620687258452882, 0.0007692309176501057, 0.0007420430303221096, 0.0010214994005961302, 0.0009143413758972631, 0.0008820815088232346, 0.0007254977463900805, 0.0007583308856873536, 0.0007373153745128748, 0.000717159047238156, 0.0008193172689665053, 0.0007832108888291674, 0.0007964792344513727], "ts": ["2018-02", "2018-03", "2018-04", "2018-05", "2018-06", "2018-07", "2018-08", "2018-09", "2018-10", "2018-11", "2018-12", "2019-01", "2019-02"], "site": [21, 18, 16, 18, 18, 19]}, "presence_by_category": [["Adult", 50.0], ["Entertainment", 33.333333333333336], ["News and Portals", 16.666666666666668]]}