{"id": "tremor_video", "name": "Tremor Video", "category": "audio_video_player", "website_url": null, "ghostery_id": "tremorhub.com", "company_id": null, "company_name": null, "iab_vendor": null, "truste_type": null, "description": null, "truste_privacy_url": null, "privacy_url": null, "date_range": ["2017-05", "2019-02"], "overview": {"reach": 0.0015858874466886384, "site_reach_top10k": 374, "site_avg_frequency": 0.05300523636957262, "cookies": 0.603531777989196, "bad_qs": 0.14248570391121515, "tracked": 0.6117762446573503, "https": 0.8796603018051918, "requests": 9.027938989830963, "requests_tracking": 6.121743443273079, "content_length": 1417.2707549389715, "requests_failed": 3.4931831136769804, "has_blocking": 0.0, "script": 0.0450780681059787, "iframe": 0.03067243852022549, "beacon": 0.0, "image": 0.5364309375678291, "stylesheet": 1.2171200100615254e-05, "font": 0.0, "xhr": 0.5577690798775577, "plugin": 0.00035651473628052184, "media": 5.071333375256356e-07, "referer_leaked": 0.38769430813827294, "referer_leaked_header": 0.3531478780526891, "referer_leaked_url": 0.0, "hosts": 1.0373848553757148, "reach_rank": 384, "site_reach_rank": 118}, "reach_time_series": {"page": [0.001368692499868727, 0.00181353078917148, 0.0015412862799014573, 0.0013905841093377962, 0.0018667835738716706, 0.0027875763263744127, 0.0032849299977171045, 0.0030116642708018864, 0.0008199322233562472, 0.0003370219679732815, 0.00032501057132626324, 0.0003453806490359336, 0.0004395060478073393, 0.00029903821067037704, 0.00022678375739729087, 0.0002054091286278334, 0.00019905986333750827, 0.00035899588872700873, 0.0004430350983205244, 0.0005188847331204961, 0.0010903585874234836, 0.0015858874466886384], "ts": ["2017-05", "2017-06", "2017-07", "2017-08", "2017-09", "2017-10", "2017-11", "2017-12", "2018-01", "2018-02", "2018-03", "2018-04", "2018-05", "2018-06", "2018-07", "2018-08", "2018-09", "2018-10", "2018-11", "2018-12", "2019-01", "2019-02"], "site": [47, 84, 98, 127, 247, 374]}, "presence_by_category": [["News and Portals", 43.02325581395349], ["Entertainment", 25.58139534883721], ["Business", 16.27906976744186], ["E-Commerce", 6.976744186046512], ["Recreation", 4.651162790697675], ["Reference", 3.488372093023256]]}