{"id": "tripadvisor", "name": "TripAdvisor", "category": "misc", "website_url": null, "ghostery_id": "c_1402", "company_id": "iac_apps", "company_name": "IAC (InterActiveCorp)", "iab_vendor": null, "truste_type": null, "description": null, "truste_privacy_url": null, "privacy_url": null, "date_range": ["2017-05", "2019-02"], "overview": {"reach": 0.001728867344118314, "site_reach_top10k": 62, "site_avg_frequency": 0.3705582346175897, "cookies": 0.7138706959793863, "bad_qs": 0.002180357984357432, "tracked": 0.7142135429677524, "https": 0.9726494629118176, "requests": 52.98079452114696, "requests_tracking": 5.920041755692911, "content_length": 318553.0528947311, "requests_failed": 14.899231827365144, "has_blocking": 0.0, "script": 0.6994627490001847, "iframe": 0.4592479602464963, "beacon": 0.0006573172246419994, "image": 0.7087126397962084, "stylesheet": 0.4557697147485145, "font": 0.15269065106968727, "xhr": 0.0063145251290095536, "plugin": 4.6054073064089125e-05, "media": 0.00022980517266323262, "referer_leaked": 0.7842301549975415, "referer_leaked_header": 0.7803253278328953, "referer_leaked_url": 0.0, "hosts": 1.5277540917183148, "reach_rank": 360, "site_reach_rank": 469}, "reach_time_series": {"page": [0.0027160771382680636, 0.0033128847570970898, 0.0036616251362926165, 0.0036244672160395505, 0.0029833244317612143, 0.0026539532508105634, 0.002060807068982278, 0.0017682660728312854, 0.002667639857314685, 0.0017073801929894461, 0.0015331475749428545, 0.0015954417681711432, 0.0020891760388356156, 0.0017027330342070303, 0.0022566242205286106, 0.0020215351001059132, 0.0016926443528180808, 0.0016029474432777272, 0.0015089049277013616, 0.0014473305677459994, 0.0017602732800822557, 0.001728867344118314], "ts": ["2017-05", "2017-06", "2017-07", "2017-08", "2017-09", "2017-10", "2017-11", "2017-12", "2018-01", "2018-02", "2018-03", "2018-04", "2018-05", "2018-06", "2018-07", "2018-08", "2018-09", "2018-10", "2018-11", "2018-12", "2019-01", "2019-02"], "site": [64, 68, 71, 66, 68, 62]}, "presence_by_category": [["Recreation", 72.0], ["Business", 24.0], ["News and Portals", 4.0]]}