{"id": "under-box.com", "name": "under-box.com", "category": "extensions", "website_url": null, "ghostery_id": null, "company_id": null, "company_name": null, "iab_vendor": null, "truste_type": null, "description": null, "truste_privacy_url": null, "privacy_url": null, "date_range": ["2019-02", "2019-02"], "overview": {"reach": 0.00047439867643460934, "site_reach_top10k": 37, "site_avg_frequency": 0.025922035676465012, "cookies": 0.8082460244803852, "bad_qs": 0.0069982707761163665, "tracked": 0.8103295697284101, "https": 0.880751364730614, "requests": 1.4964093174651611, "requests_tracking": 0.8638948225002543, "content_length": 113.98718679008579, "requests_failed": 0.46750923948055473, "has_blocking": 0.0, "script": 1.695317532973926e-06, "iframe": 0.0, "beacon": 0.0, "image": 0.0, "stylesheet": 0.0, "font": 0.0, "xhr": 0.999998304682467, "plugin": 0.0, "media": 0.0, "referer_leaked": 0.7067287152883736, "referer_leaked_header": 0.7016529345946496, "referer_leaked_url": 0.0, "hosts": 1.0, "reach_rank": 757, "site_reach_rank": 634}, "reach_time_series": {"page": [0.00047439867643460934], "ts": ["2019-02"], "site": [37]}, "presence_by_category": [["Entertainment", 50.0], ["Business", 25.0], ["Reference", 25.0]]}