{"id": "upravel.com", "name": "upravel.com", "category": "unknown", "website_url": null, "ghostery_id": "upravel.com", "company_id": null, "company_name": null, "iab_vendor": null, "truste_type": null, "description": null, "truste_privacy_url": null, "privacy_url": null, "date_range": ["2017-09", "2019-02"], "overview": {"reach": 0.0004997303400694733, "site_reach_top10k": 76, "site_avg_frequency": 0.11177025859803949, "cookies": 0.8308846605091759, "bad_qs": 0.013233937977684327, "tracked": 0.8326533699628395, "https": 0.974185532632609, "requests": 4.9277468508442, "requests_tracking": 2.408010209911532, "content_length": 595.9997392803172, "requests_failed": 2.0360131132344206, "has_blocking": 0.0, "script": 0.00013357860296093872, "iframe": 0.0009752847396907092, "beacon": 0.0, "image": 0.9552463398658099, "stylesheet": 0.0, "font": 0.0, "xhr": 0.04476492579950012, "plugin": 0.0, "media": 0.00010943789158245582, "referer_leaked": 0.6178798983515112, "referer_leaked_header": 0.6162544237853601, "referer_leaked_url": 0.0, "hosts": 1.0, "reach_rank": 740, "site_reach_rank": 417}, "reach_time_series": {"page": [0.001001961480107639, 0.0009698025484233411, 0.00038395672858468767, 0.0009088452048859603, 0.0006935217354352932, 0.000974862066048294, 0.0009398192263930866, 0.000693789769911251, 0.0007849539210340967, 0.0009129712416650328, 0.0008298658904305339, 0.0006279468640571262, 0.0006963799956705512, 0.0005130865569317136, 0.0004548337644750551, 0.0004889777160769364, 0.0005612723985749038, 0.0004997303400694733], "ts": ["2017-09", "2017-10", "2017-11", "2017-12", "2018-01", "2018-02", "2018-03", "2018-04", "2018-05", "2018-06", "2018-07", "2018-08", "2018-09", "2018-10", "2018-11", "2018-12", "2019-01", "2019-02"], "site": [87, 80, 80, 77, 75, 76]}, "presence_by_category": [["News and Portals", 60.869565217391305], ["Entertainment", 26.08695652173913], ["Business", 8.695652173913043], ["E-Commerce", 4.3478260869565215]]}