{"id": "usemessages.com", "name": "usemessages.com", "category": "unknown", "website_url": null, "ghostery_id": null, "company_id": null, "company_name": null, "iab_vendor": null, "truste_type": null, "description": null, "truste_privacy_url": null, "privacy_url": null, "date_range": ["2019-02", "2019-02"], "overview": {"reach": 0.000764978924276222, "site_reach_top10k": 38, "site_avg_frequency": 0.18999893081417213, "cookies": 0.7423932596200651, "bad_qs": 0.00020921755787388702, "tracked": 0.7423932596200651, "https": 0.999986332521345, "requests": 1.3935550478729724, "requests_tracking": 0.7950035903415082, "content_length": 64.84172534045163, "requests_failed": 0.38294382771407215, "has_blocking": 0.0, "script": 0.9994837898446428, "iframe": 0.0, "beacon": 0.0, "image": 0.0003900488139256889, "stylesheet": 0.0, "font": 0.0, "xhr": 0.008283543409489225, "plugin": 0.0, "media": 0.0, "referer_leaked": 0.9380537300126266, "referer_leaked_header": 0.9380537300126266, "referer_leaked_url": 0.0, "hosts": 1.0, "reach_rank": 627, "site_reach_rank": 622}, "reach_time_series": {"page": [0.000764978924276222], "ts": ["2019-02"], "site": [38]}, "presence_by_category": [["Business", 50.0], ["E-Commerce", 16.666666666666668], ["Entertainment", 16.666666666666668], ["News and Portals", 16.666666666666668]]}