{"id": "velocecdn.com", "name": "velocecdn.com", "category": "unknown", "website_url": null, "ghostery_id": null, "company_id": null, "company_name": null, "iab_vendor": null, "truste_type": null, "description": null, "truste_privacy_url": null, "privacy_url": null, "date_range": ["2018-03", "2019-02"], "overview": {"reach": 0.0004599622741662724, "site_reach_top10k": 32, "site_avg_frequency": 0.4289380665729762, "cookies": 0.0498574950604116, "bad_qs": 0.0, "tracked": 0.0498574950604116, "https": 0.5532041754821563, "requests": 1.4616967704708783, "requests_tracking": 0.11314017939885647, "content_length": 12.38753650049833, "requests_failed": 1.333239495724852, "has_blocking": 0.0, "script": 0.9995523771222745, "iframe": 8.74263433057649e-06, "beacon": 0.0, "image": 0.0011050689793848682, "stylesheet": 0.0, "font": 0.0, "xhr": 0.0014635169869385042, "plugin": 0.0, "media": 0.0, "referer_leaked": 0.051352485530940184, "referer_leaked_header": 0.051352485530940184, "referer_leaked_url": 0.0, "hosts": 1.0, "reach_rank": 762, "site_reach_rank": 674}, "reach_time_series": {"page": [0.0019408103304370155, 0.0023351276916598893, 0.0025715325423843974, 0.0019770549470139714, 0.0015663130806760747, 0.0012529972893050244, 0.0012562028433240756, 0.0010827522055627033, 0.0010198598471602713, 0.0010874524557306867, 0.0006079098106047933, 0.0004599622741662724], "ts": ["2018-03", "2018-04", "2018-05", "2018-06", "2018-07", "2018-08", "2018-09", "2018-10", "2018-11", "2018-12", "2019-01", "2019-02"], "site": [66, 58, 56, 56, 39, 32]}, "presence_by_category": [["Entertainment", 81.81818181818181], ["Business", 18.181818181818183]]}