{"id": "videoplayerhub.com", "name": "videoplayerhub.com", "category": "unknown", "website_url": null, "ghostery_id": null, "company_id": null, "company_name": null, "iab_vendor": null, "truste_type": null, "description": null, "truste_privacy_url": null, "privacy_url": null, "date_range": ["2018-07", "2019-02"], "overview": {"reach": 0.0033288662734922026, "site_reach_top10k": 90, "site_avg_frequency": 0.5519125271665638, "cookies": 3.551530165899947e-05, "bad_qs": 1.4496041493469171e-06, "tracked": 3.551530165899947e-05, "https": 0.9993933406634983, "requests": 1.231198332182106, "requests_tracking": 7.368821092513495e-05, "content_length": 175.200774523497, "requests_failed": 1.139687721442134, "has_blocking": 0.0, "script": 0.9993486445355602, "iframe": 0.0, "beacon": 0.0, "image": 0.0, "stylesheet": 0.0, "font": 0.0, "xhr": 0.00048634219210589067, "plugin": 0.0, "media": 0.0, "referer_leaked": 0.08974378488260985, "referer_leaked_header": 0.08974378488260985, "referer_leaked_url": 0.0, "hosts": 1.0, "reach_rank": 212, "site_reach_rank": 369}, "reach_time_series": {"page": [0.0012002207352836186, 0.0011130562360336922, 0.0010110982582018737, 0.0012196568870567715, 0.0016386035713233293, 0.0023264340042344115, 0.0028090505314477612, 0.0033288662734922026], "ts": ["2018-07", "2018-08", "2018-09", "2018-10", "2018-11", "2018-12", "2019-01", "2019-02"], "site": [39, 45, 74, 56, 68, 90]}, "presence_by_category": [["Entertainment", 58.333333333333336], ["Business", 13.88888888888889], ["News and Portals", 11.11111111111111], ["Reference", 11.11111111111111], ["E-Commerce", 5.555555555555555]]}