{"id": "vodafone.de", "name": "vodafone.de", "category": "misc", "website_url": null, "ghostery_id": null, "company_id": null, "company_name": null, "iab_vendor": null, "truste_type": null, "description": null, "truste_privacy_url": null, "privacy_url": null, "date_range": ["2017-06", "2019-02"], "overview": {"reach": 0.0006518996710544703, "site_reach_top10k": 70, "site_avg_frequency": 0.09843099108732158, "cookies": 0.8946656764072335, "bad_qs": 0.005966230837369627, "tracked": 0.8948680051618507, "https": 0.9944877751486007, "requests": 1.9292564911752585, "requests_tracking": 1.4100969450825476, "content_length": 1186.609081106689, "requests_failed": 0.48807370688485274, "has_blocking": 0.0, "script": 0.002216980317360054, "iframe": 0.00014557800637088835, "beacon": 0.0, "image": 0.9947739963136688, "stylesheet": 0.00106962823325051, "font": 0.00011596892032935173, "xhr": 0.0012904626666436375, "plugin": 2.4674238367947176e-06, "media": 0.003588867970617917, "referer_leaked": 0.8797007508370736, "referer_leaked_header": 0.8794021925528214, "referer_leaked_url": 0.0, "hosts": 1.0, "reach_rank": 675, "site_reach_rank": 437}, "reach_time_series": {"page": [0.0009615120127299782, 0.000630833809857547, 0.0015283081188919132, 0.0009357016575664293, 0.002875951376350503, 0.0043735745615394945, 0.0022684536001957322, 0.002473255496835309, 0.000682340164990573, 0.0005241961057993161, 0.0003452135407156579, 0.0003506154027884527, 0.0003133117251533309, 0.00019018974607040465, 0.00019659946155710684, 0.00017403157823700174, 0.00018557411429360492, 0.00035581646863697104, 0.0004360064718921119, 0.0006068262779044154, 0.0006518996710544703], "ts": ["2017-06", "2017-07", "2017-08", "2017-09", "2017-10", "2017-11", "2017-12", "2018-01", "2018-02", "2018-03", "2018-04", "2018-05", "2018-06", "2018-07", "2018-08", "2018-09", "2018-10", "2018-11", "2018-12", "2019-01", "2019-02"], "site": [38, 48, 70, 71, 70, 70]}, "presence_by_category": [["News and Portals", 59.523809523809526], ["Reference", 26.19047619047619], ["Entertainment", 11.904761904761905], ["Business", 2.380952380952381]]}