{"id": "vtracy.de", "name": "vtracy.de", "category": "unknown", "website_url": null, "ghostery_id": "vtracy.de", "company_id": null, "company_name": null, "iab_vendor": null, "truste_type": null, "description": null, "truste_privacy_url": null, "privacy_url": null, "date_range": ["2017-05", "2019-02"], "overview": {"reach": 0.0003966970534624178, "site_reach_top10k": 23, "site_avg_frequency": 0.3978195906341182, "cookies": 0.23828223993252873, "bad_qs": 0.023787270880512197, "tracked": 0.238383609023471, "https": 0.9964155889442815, "requests": 1.6065257365984993, "requests_tracking": 0.497922947326593, "content_length": 463.4292899906132, "requests_failed": 0.5121754415130756, "has_blocking": 0.0, "script": 0.9626880650059706, "iframe": 0.0025970761099408613, "beacon": 0.0, "image": 0.07438666631525381, "stylesheet": 0.0, "font": 0.0, "xhr": 0.01547703280506521, "plugin": 0.0001297524364061008, "media": 0.0, "referer_leaked": 0.762455727049531, "referer_leaked_header": 0.7566797162476406, "referer_leaked_url": 0.0, "hosts": 1.0, "reach_rank": 795, "site_reach_rank": 753}, "reach_time_series": {"page": [0.0016081962743168684, 0.0018114897623981072, 0.001565526892526522, 0.0018033458054725754, 0.0015520861461925774, 0.0018952913217872424, 0.0015083639555857058, 0.001294833620473075, 0.0009381858465701906, 0.00038717670744927986, 0.00025823225925277366, 0.00022538221645334333, 0.00021269368944783315, 9.750788619372566e-05, 0.0002420523154956217, 0.0006226567846807153, 0.00035102365999895366, 0.0006275563419959191, 0.0009343267412130794, 0.0011728139375480487, 0.0005526877694618072, 0.0003966970534624178], "ts": ["2017-05", "2017-06", "2017-07", "2017-08", "2017-09", "2017-10", "2017-11", "2017-12", "2018-01", "2018-02", "2018-03", "2018-04", "2018-05", "2018-06", "2018-07", "2018-08", "2018-09", "2018-10", "2018-11", "2018-12", "2019-01", "2019-02"], "site": [20, 51, 66, 97, 25, 23]}, "presence_by_category": [["News and Portals", 45.0], ["Reference", 35.0], ["Entertainment", 20.0]]}