{"id": "walmart", "name": "Walmart", "category": "misc", "website_url": null, "ghostery_id": "c_793", "company_id": null, "company_name": null, "iab_vendor": null, "truste_type": null, "description": null, "truste_privacy_url": null, "privacy_url": null, "date_range": ["2017-09", "2019-02"], "overview": {"reach": 0.0002557084948637396, "site_reach_top10k": 34, "site_avg_frequency": 0.07021090338845568, "cookies": 0.9099841481518758, "bad_qs": 0.33717258385124427, "tracked": 0.9136734770903052, "https": 0.9296291170772212, "requests": 3.361447298895403, "requests_tracking": 2.292038849608736, "content_length": 11202.380349998743, "requests_failed": 1.1884514254082479, "has_blocking": 0.0, "script": 0.04132803260951614, "iframe": 0.0006038799285408751, "beacon": 0.0, "image": 0.86245062023501, "stylesheet": 0.044328561004453614, "font": 0.08092305563243841, "xhr": 0.0012958256799939611, "plugin": 0.0, "media": 0.0, "referer_leaked": 0.492407467981783, "referer_leaked_header": 0.490526633621015, "referer_leaked_url": 0.0, "hosts": 1.0, "reach_rank": 883, "site_reach_rank": 659}, "reach_time_series": {"page": [0.019622620355768398, 0.014156887630719955, 0.00634657886660572, 0.0054055816075991745, 0.000900611981323666, 0.0005051759064132416, 0.0009450921413638459, 0.0011975509941446944, 0.0014610269461863576, 0.0005821120483202726, 0.000111650926221375, 9.596225384479051e-05, 0.00011544394575826116, 8.196008576363047e-05, 9.769054786846236e-05, 6.592610072383001e-05, 0.00021733747341871984, 0.0002557084948637396], "ts": ["2017-09", "2017-10", "2017-11", "2017-12", "2018-01", "2018-02", "2018-03", "2018-04", "2018-05", "2018-06", "2018-07", "2018-08", "2018-09", "2018-10", "2018-11", "2018-12", "2019-01", "2019-02"], "site": [14, 8, 4, 4, 38, 34]}, "presence_by_category": [["Entertainment", 40.0], ["News and Portals", 40.0], ["E-Commerce", 20.0]]}