{"id": "woopic.com", "name": "woopic.com", "category": "misc", "website_url": null, "ghostery_id": "woopic.com", "company_id": null, "company_name": null, "iab_vendor": null, "truste_type": null, "description": null, "truste_privacy_url": null, "privacy_url": null, "date_range": ["2017-05", "2019-02"], "overview": {"reach": 0.0022840366859237763, "site_reach_top10k": 4, "site_avg_frequency": 0.507536200546978, "cookies": 0.6676287775499166, "bad_qs": 0.008449134064993013, "tracked": 0.6683397090638662, "https": 0.9944769882138189, "requests": 43.02871085827286, "requests_tracking": 1.14031161265606, "content_length": 331232.18820283277, "requests_failed": 11.828959173727858, "has_blocking": 0.0, "script": 0.9861937029566864, "iframe": 0.0024021668093928876, "beacon": 0.0784602188218326, "image": 0.9771604007977645, "stylesheet": 0.9799474354351647, "font": 0.40279675316626856, "xhr": 0.03992836458286384, "plugin": 0.3641891929958985, "media": 4.5071438229593905e-05, "referer_leaked": 0.9633255819849461, "referer_leaked_header": 0.9621297803894172, "referer_leaked_url": 0.0, "hosts": 1.0, "reach_rank": 277, "site_reach_rank": 1063}, "reach_time_series": {"page": [0.0012801774542583895, 0.0013224283470860858, 0.0010965911767758993, 0.0009905427215577353, 0.0009595349517054207, 0.0008742312443777687, 0.0007749014267001109, 0.0010067774347137348, 0.0011590591023096402, 0.002571389776626036, 0.002547253435615572, 0.0023795902317529133, 0.0032614958225051466, 0.0028245881672205723, 0.0021494463275558134, 0.0016675143229902037, 0.0022724689062656148, 0.002196907759402664, 0.0022460446548885574, 0.002512440230745935, 0.0025261045995708543, 0.0022840366859237763], "ts": ["2017-05", "2017-06", "2017-07", "2017-08", "2017-09", "2017-10", "2017-11", "2017-12", "2018-01", "2018-02", "2018-03", "2018-04", "2018-05", "2018-06", "2018-07", "2018-08", "2018-09", "2018-10", "2018-11", "2018-12", "2019-01", "2019-02"], "site": [3, 4, 3, 3, 5, 4]}, "presence_by_category": [["Business", 66.66666666666667], ["News and Portals", 33.333333333333336]]}