{"id": "xen-media.com", "name": "xen-media.com", "category": "unknown", "website_url": null, "ghostery_id": null, "company_id": null, "company_name": null, "iab_vendor": null, "truste_type": null, "description": null, "truste_privacy_url": null, "privacy_url": null, "date_range": ["2018-10", "2019-02"], "overview": {"reach": 0.003187853587201711, "site_reach_top10k": 635, "site_avg_frequency": 0.02554327227921104, "cookies": 0.751587394493265, "bad_qs": 1.5137264716448758e-06, "tracked": 0.751587394493265, "https": 0.8583699486947641, "requests": 1.1664904857245502, "requests_tracking": 0.8269250564115398, "content_length": 17.89303933065034, "requests_failed": 0.27748347010692964, "has_blocking": 0.0, "script": 0.0, "iframe": 0.8774418930865084, "beacon": 0.0, "image": 0.0, "stylesheet": 0.0, "font": 0.0, "xhr": 0.0, "plugin": 0.14193632862799868, "media": 0.0, "referer_leaked": 0.7134679776210678, "referer_leaked_header": 0.7134679776210678, "referer_leaked_url": 0.0, "hosts": 1.0, "reach_rank": 221, "site_reach_rank": 74}, "reach_time_series": {"page": [0.002035483135319403, 0.004648876727733464, 0.004422368166167263, 0.0035563781625400073, 0.003187853587201711], "ts": ["2018-10", "2018-11", "2018-12", "2019-01", "2019-02"], "site": [363, 1202, 1066, 748, 635]}, "presence_by_category": [["Entertainment", 29.67032967032967], ["Adult", 27.47252747252747], ["News and Portals", 23.076923076923077], ["Reference", 8.791208791208792], ["Business", 7.6923076923076925], ["Banking", 1.098901098901099], ["E-Commerce", 1.098901098901099], ["Government", 1.098901098901099]]}