{"id": "xfreeservice.com", "name": "xfreeservice.com", "category": "unknown", "website_url": null, "ghostery_id": "xfreeservice.com", "company_id": null, "company_name": null, "iab_vendor": null, "truste_type": null, "description": null, "truste_privacy_url": null, "privacy_url": null, "date_range": ["2017-05", "2019-02"], "overview": {"reach": 0.000340342807950308, "site_reach_top10k": 30, "site_avg_frequency": 0.07925967479445778, "cookies": 0.0014107572008875719, "bad_qs": 0.04786649557986374, "tracked": 0.04921581276865236, "https": 0.932269475893066, "requests": 2.2216542959565384, "requests_tracking": 0.05610418335590072, "content_length": 1758.897177776675, "requests_failed": 0.658419526581076, "has_blocking": 0.0, "script": 0.6282808375691495, "iframe": 0.0, "beacon": 0.0, "image": 0.12806225291072057, "stylesheet": 0.0, "font": 0.0, "xhr": 0.3180205918563627, "plugin": 0.0, "media": 0.0, "referer_leaked": 0.41085408706049714, "referer_leaked_header": 0.38948005208222564, "referer_leaked_url": 0.0, "hosts": 1.0, "reach_rank": 823, "site_reach_rank": 692}, "reach_time_series": {"page": [0.0019289655884718187, 0.0018851551287109164, 0.0018279459712329928, 0.0021839538447468473, 0.00222028356330993, 0.001660125313800865, 0.0013147876596941836, 0.0010186530222402897, 0.0008625047826155294, 0.0004116473900388542, 0.00022204402054336493, 0.00019642263772204365, 0.00022775019913799373, 0.00017142072669533488, 0.00018427860510106784, 0.0001580845813247045, 0.00022754817155065535, 0.00026388474351425427, 0.00025381820367657897, 0.0003063464402412052, 0.0003943161209998652, 0.000340342807950308], "ts": ["2017-05", "2017-06", "2017-07", "2017-08", "2017-09", "2017-10", "2017-11", "2017-12", "2018-01", "2018-02", "2018-03", "2018-04", "2018-05", "2018-06", "2018-07", "2018-08", "2018-09", "2018-10", "2018-11", "2018-12", "2019-01", "2019-02"], "site": [3, 10, 9, 16, 34, 30]}, "presence_by_category": []}