{"id": "xhamster", "name": "xHamster", "category": "pornvertising", "website_url": null, "ghostery_id": "c_m3", "company_id": null, "company_name": null, "iab_vendor": null, "truste_type": null, "description": null, "truste_privacy_url": null, "privacy_url": null, "date_range": ["2017-05", "2019-02"], "overview": {"reach": 0.004202422223697801, "site_reach_top10k": 40, "site_avg_frequency": 0.19320854439709179, "cookies": 0.9026729365059164, "bad_qs": 0.0003297464397240541, "tracked": 0.9027182933870624, "https": 0.9774886335081711, "requests": 76.61643044407448, "requests_tracking": 39.77537703146677, "content_length": 4479592.670515559, "requests_failed": 20.253423822543976, "has_blocking": 0.0, "script": 0.9173320125613681, "iframe": 0.20528065096502027, "beacon": 0.0, "image": 0.9775360955610158, "stylesheet": 0.9537344501970919, "font": 0.4295509075490883, "xhr": 0.261267309535069, "plugin": 0.0006772911492649027, "media": 0.5025973034281573, "referer_leaked": 0.7922867274474391, "referer_leaked_header": 0.7617619291946551, "referer_leaked_url": 0.0, "hosts": 1.234162841155035, "reach_rank": 169, "site_reach_rank": 609}, "reach_time_series": {"page": [0.015050045329312502, 0.015007308759873389, 0.015383253970419213, 0.01591038114376942, 0.013505136123859476, 0.014484986316259761, 0.015811926694339343, 0.015070871546186476, 0.011087270640598428, 0.007977570247811438, 0.00625000292863155, 0.0060589870910347085, 0.007794445767244826, 0.006830706714595536, 0.007159810387699525, 0.005915030846685522, 0.004671708561086805, 0.0047114183603092375, 0.004929769258398113, 0.005717460591869806, 0.004577533324328, 0.004202422223697801], "ts": ["2017-05", "2017-06", "2017-07", "2017-08", "2017-09", "2017-10", "2017-11", "2017-12", "2018-01", "2018-02", "2018-03", "2018-04", "2018-05", "2018-06", "2018-07", "2018-08", "2018-09", "2018-10", "2018-11", "2018-12", "2019-01", "2019-02"], "site": [40, 45, 42, 57, 46, 40]}, "presence_by_category": [["Adult", 81.25], ["Reference", 12.5], ["Entertainment", 6.25]]}