{"id": "xvideos_com", "name": "xvideos.com", "category": "misc", "website_url": null, "ghostery_id": null, "company_id": null, "company_name": null, "iab_vendor": null, "truste_type": null, "description": null, "truste_privacy_url": null, "privacy_url": null, "date_range": ["2017-05", "2019-02"], "overview": {"reach": 0.004424951121036178, "site_reach_top10k": 42, "site_avg_frequency": 0.29242263514902456, "cookies": 0.044319651554113146, "bad_qs": 3.053481732545535e-05, "tracked": 0.044342007402512144, "https": 0.9647998987988912, "requests": 98.39874327416122, "requests_tracking": 0.34525536195027334, "content_length": 23785296.20363088, "requests_failed": 24.607502913530485, "has_blocking": 0.0, "script": 0.8222144794649718, "iframe": 0.022102845626868893, "beacon": 0.0, "image": 0.9637360875738561, "stylesheet": 0.8193274851887961, "font": 0.24124377762219562, "xhr": 0.8772769340716943, "plugin": 0.006627691153409103, "media": 0.6818292027722707, "referer_leaked": 0.9550705608737029, "referer_leaked_header": 0.9550107635231072, "referer_leaked_url": 0.0, "hosts": 1.0267563154362953, "reach_rank": 160, "site_reach_rank": 597}, "reach_time_series": {"page": [0.0028531496587145843, 0.003075513343353833, 0.003107619165194057, 0.003151124025534107, 0.003200762430344341, 0.006961403686673785, 0.00826999959264669, 0.008701839942180526, 0.006573219881663344, 0.0062833107529601745, 0.00660186043765525, 0.006604352423566985, 0.008138195315623434, 0.00734619791021944, 0.007293700159891019, 0.006749256038459123, 0.005312427429088173, 0.005265755290237061, 0.004921531863109409, 0.005277558993417927, 0.004523891691266723, 0.004424951121036178], "ts": ["2017-05", "2017-06", "2017-07", "2017-08", "2017-09", "2017-10", "2017-11", "2017-12", "2018-01", "2018-02", "2018-03", "2018-04", "2018-05", "2018-06", "2018-07", "2018-08", "2018-09", "2018-10", "2018-11", "2018-12", "2019-01", "2019-02"], "site": [45, 39, 37, 44, 43, 42]}, "presence_by_category": [["Adult", 90.0], ["Entertainment", 10.0]]}