{"id": "youporn", "name": "YouPorn", "category": "pornvertising", "website_url": null, "ghostery_id": null, "company_id": null, "company_name": null, "iab_vendor": null, "truste_type": null, "description": null, "truste_privacy_url": null, "privacy_url": null, "date_range": ["2017-05", "2019-02"], "overview": {"reach": 0.0007174530011986268, "site_reach_top10k": 22, "site_avg_frequency": 0.24519944080679645, "cookies": 0.022251617025569742, "bad_qs": 0.004926743416996424, "tracked": 0.027041599874449315, "https": 0.9902373132153306, "requests": 74.56196711020435, "requests_tracking": 0.08082773773358592, "content_length": 127866660.079496, "requests_failed": 22.50199423812033, "has_blocking": 0.0, "script": 0.6143206250630556, "iframe": 0.021972490948019775, "beacon": 1.1209882632528838e-06, "image": 0.9769547232840472, "stylesheet": 0.6227784815092986, "font": 0.3359489726142567, "xhr": 0.017831560303563622, "plugin": 0.0018642034817895456, "media": 0.5886836234824622, "referer_leaked": 0.788815900097526, "referer_leaked_header": 0.7888002062618404, "referer_leaked_url": 0.0, "hosts": 1.041637988050265, "reach_rank": 643, "site_reach_rank": 761}, "reach_time_series": {"page": [0.00323903659354417, 0.003495996259080528, 0.003509262088682502, 0.0034997753675611062, 0.003167395818549753, 0.0032152484432229947, 0.0033707770841535653, 0.0033869099255396844, 0.0025127535455511797, 0.001368163701168274, 0.0010902364991946056, 0.001127960639787045, 0.0014350253777833603, 0.0012230244078765425, 0.001246920368432056, 0.0010964933130922809, 0.0008612580736095621, 0.0008607686297641581, 0.0009373173418995951, 0.0010307192252421119, 0.0007727076320059802, 0.0007174530011986268], "ts": ["2017-05", "2017-06", "2017-07", "2017-08", "2017-09", "2017-10", "2017-11", "2017-12", "2018-01", "2018-02", "2018-03", "2018-04", "2018-05", "2018-06", "2018-07", "2018-08", "2018-09", "2018-10", "2018-11", "2018-12", "2019-01", "2019-02"], "site": [15, 17, 17, 18, 19, 22]}, "presence_by_category": [["Adult", 100.0]]}