{"id": "yume", "name": "YuMe", "category": "advertising", "website_url": null, "ghostery_id": "c_281", "company_id": null, "company_name": null, "iab_vendor": null, "truste_type": null, "description": null, "truste_privacy_url": null, "privacy_url": null, "date_range": ["2017-06", "2019-02"], "overview": {"reach": 1.4985709385288163e-05, "site_reach_top10k": 6, "site_avg_frequency": 0.05055724180185884, "cookies": 0.49235227821606825, "bad_qs": 0.0, "tracked": 0.49235227821606825, "https": 0.8418397466859873, "requests": 2.4816723018300864, "requests_tracking": 0.882305586862019, "content_length": 8443.005581495197, "requests_failed": 1.5748940052594858, "has_blocking": 0.0, "script": 0.00010733644609026995, "iframe": 0.0, "beacon": 0.0, "image": 0.9993023131004133, "stylesheet": 0.0002146728921805399, "font": 0.0, "xhr": 0.0, "plugin": 0.0004830140074062148, "media": 0.0, "referer_leaked": 0.21011109322170343, "referer_leaked_header": 0.21011109322170343, "referer_leaked_url": 0.0, "hosts": 1.0, "reach_rank": 1127, "site_reach_rank": 1028}, "reach_time_series": {"page": [0.0010743964935034432, 0.000786937880495118, 0.0007463620410504539, 0.0006431561340973439, 0.00047228889207936845, 0.0005506066845437848, 0.0005026059213945061, 0.0003999268935771875, 0.0006606445681134105, 0.0006421489810443255, 2.907684772798443e-05, 3.474041714695625e-05, 3.561322686021925e-05, 3.266188796426984e-05, 3.191431607619312e-05, 2.517735639107381e-05, 1.0144888455900143e-05, 6.0534381045898395e-06, 2.449161453717337e-06, 1.1522835266562087e-05, 1.4985709385288163e-05], "ts": ["2017-06", "2017-07", "2017-08", "2017-09", "2017-10", "2017-11", "2017-12", "2018-01", "2018-02", "2018-03", "2018-04", "2018-05", "2018-06", "2018-07", "2018-08", "2018-09", "2018-10", "2018-11", "2018-12", "2019-01", "2019-02"], "site": [4, 5, 2, 1, 5, 6]}, "presence_by_category": [["Business", 50.0], ["E-Commerce", 50.0]]}