{"id": "zog.link", "name": "zog.link", "category": "unknown", "website_url": null, "ghostery_id": "zog.link", "company_id": null, "company_name": null, "iab_vendor": null, "truste_type": null, "description": null, "truste_privacy_url": null, "privacy_url": null, "date_range": ["2017-05", "2019-02"], "overview": {"reach": 0.00035173912105015954, "site_reach_top10k": 20, "site_avg_frequency": 0.4206718497848462, "cookies": 0.05547768705398688, "bad_qs": 0.00018520762689580586, "tracked": 0.05550055219310982, "https": 0.9853937491282666, "requests": 5.140355369992249, "requests_tracking": 0.18848191481821072, "content_length": 94.84686530375194, "requests_failed": 4.9060471433438435, "has_blocking": 0.0, "script": 0.27798292888713083, "iframe": 0.5545276405234287, "beacon": 0.0, "image": 0.00435123597509529, "stylesheet": 1.6005597386057295e-05, "font": 1.6005597386057295e-05, "xhr": 0.8451824295124923, "plugin": 0.0, "media": 0.0, "referer_leaked": 0.04157339595332768, "referer_leaked_header": 0.04086229012660428, "referer_leaked_url": 0.0, "hosts": 1.0, "reach_rank": 816, "site_reach_rank": 790}, "reach_time_series": {"page": [0.0010359970377665996, 0.0011466645414867894, 0.001138791741414892, 0.0010271115564149122, 0.0009885430090239055, 0.0010836043627782672, 0.0014479287515212548, 0.001359939333440201, 0.0008994302816930351, 0.0006909615086787148, 0.0005810184487800809, 0.0007043850237617184, 0.0010991332690503046, 0.0009126582147430625, 0.0009647208790652398, 0.0009625082794221959, 0.0007703167405061228, 0.0005000030800111633, 0.0004944074539137719, 0.0005436240504595626, 0.00040660886712957895, 0.00035173912105015954], "ts": ["2017-05", "2017-06", "2017-07", "2017-08", "2017-09", "2017-10", "2017-11", "2017-12", "2018-01", "2018-02", "2018-03", "2018-04", "2018-05", "2018-06", "2018-07", "2018-08", "2018-09", "2018-10", "2018-11", "2018-12", "2019-01", "2019-02"], "site": [19, 21, 20, 23, 20, 20]}, "presence_by_category": [["Adult", 100.0]]}