{"id": "zononi.com", "name": "zononi.com", "category": "pornvertising", "website_url": null, "ghostery_id": "zononi.com", "company_id": null, "company_name": null, "iab_vendor": null, "truste_type": null, "description": null, "truste_privacy_url": null, "privacy_url": null, "date_range": ["2017-05", "2019-02"], "overview": {"reach": 7.002017015520625e-05, "site_reach_top10k": 2, "site_avg_frequency": 0.45557013972827715, "cookies": 0.4119248351749328, "bad_qs": 0.0, "tracked": 0.4119248351749328, "https": 0.9911442420344122, "requests": 1.8609841262548528, "requests_tracking": 0.531885323103076, "content_length": 36814.5041579564, "requests_failed": 0.43434563874020815, "has_blocking": 0.0, "script": 0.04028163837265397, "iframe": 0.9498173715283361, "beacon": 0.0, "image": 0.15111070271760355, "stylesheet": 0.0013323838184282465, "font": 0.00012634674140267856, "xhr": 0.019193218625806897, "plugin": 2.297213480048701e-05, "media": 0.003709999770278652, "referer_leaked": 0.9168638441570375, "referer_leaked_header": 0.9168064138200362, "referer_leaked_url": 0.0, "hosts": 1.0, "reach_rank": 1055, "site_reach_rank": 1100}, "reach_time_series": {"page": [0.004807047861607558, 0.00401634818484895, 0.004223219605320854, 0.0033254168699454007, 0.0009159820552925241, 0.001064300726862061, 0.0008720294332322646, 0.0013116478231768038, 0.000951937483864702, 0.0003392803536262695, 0.0001768838329422565, 0.00017419723112536587, 0.0002336835872150729, 0.00017875889880053858, 0.00021192331094944578, 0.00014938991597955207, 7.034595743295974e-05, 8.92665080194342e-05, 0.00013128785171625157, 0.0001578609956464282, 8.020478772956702e-05, 7.002017015520625e-05], "ts": ["2017-05", "2017-06", "2017-07", "2017-08", "2017-09", "2017-10", "2017-11", "2017-12", "2018-01", "2018-02", "2018-03", "2018-04", "2018-05", "2018-06", "2018-07", "2018-08", "2018-09", "2018-10", "2018-11", "2018-12", "2019-01", "2019-02"], "site": [5, 3, 3, 5, 2, 2]}, "presence_by_category": [["Adult", 100.0]]}