{"id": "zukxd6fkxqn.com", "name": "zukxd6fkxqn.com", "category": "unknown", "website_url": null, "ghostery_id": null, "company_id": null, "company_name": null, "iab_vendor": null, "truste_type": null, "description": null, "truste_privacy_url": null, "privacy_url": null, "date_range": ["2018-08", "2019-02"], "overview": {"reach": 0.00041772835815974434, "site_reach_top10k": 7, "site_avg_frequency": 0.36351073451981636, "cookies": 0.12543199132840582, "bad_qs": 0.0, "tracked": 0.12543199132840582, "https": 0.9509508141171397, "requests": 1.6062530203293435, "requests_tracking": 0.13193183634098773, "content_length": 11.978118857059243, "requests_failed": 1.4761271243384155, "has_blocking": 0.0, "script": 0.9996380418061714, "iframe": 0.00044474650411919977, "beacon": 0.0, "image": 0.003067018099835001, "stylesheet": 0.20764848468512526, "font": 1.9253095416415574e-06, "xhr": 1.9253095416415574e-06, "plugin": 0.0, "media": 0.0, "referer_leaked": 0.09472908006784792, "referer_leaked_header": 0.09390697289356696, "referer_leaked_url": 0.0, "hosts": 1.0, "reach_rank": 784, "site_reach_rank": 1009}, "reach_time_series": {"page": [0.0015251742802342204, 0.0007261916384982079, 0.0003298002363831599, 0.00016253264600629043, 0.00015732224205231086, 0.0005772769513899079, 0.00041772835815974434], "ts": ["2018-08", "2018-09", "2018-10", "2018-11", "2018-12", "2019-01", "2019-02"], "site": [61, 27, 16, 10, 10, 7]}, "presence_by_category": [["Business", 50.0], ["Entertainment", 50.0]]}